To honour the JVM settings for this build a single-use Daemon process will be forked. For more on this, please refer to https://docs.gradle.org/8.14/userguide/gradle_daemon.html#sec:disabling_the_daemon in the Gradle documentation.
Daemon will be stopped at the end of the build 
> Task :app:checkKotlinGradlePluginConfigurationErrors SKIPPED

> Task :app:generateStandaloneDebugAssets
Debug standalone assets generated (credential value hidden).

> Task :app:preBuild UP-TO-DATE
> Task :app:preDebugBuild
> Task :app:checkDebugAarMetadata UP-TO-DATE
> Task :app:generateDebugResValues UP-TO-DATE
> Task :app:mapDebugSourceSetPaths UP-TO-DATE
> Task :app:generateDebugResources UP-TO-DATE
> Task :app:mergeDebugResources UP-TO-DATE
> Task :app:packageDebugResources UP-TO-DATE
> Task :app:parseDebugLocalResources UP-TO-DATE
> Task :app:createDebugCompatibleScreenManifests UP-TO-DATE
> Task :app:extractDeepLinksDebug UP-TO-DATE
> Task :app:processDebugMainManifest UP-TO-DATE
> Task :app:processDebugManifest UP-TO-DATE
> Task :app:processDebugManifestForPackage UP-TO-DATE
> Task :app:processDebugResources UP-TO-DATE
> Task :app:javaPreCompileDebug UP-TO-DATE
> Task :app:preDebugUnitTestBuild UP-TO-DATE
> Task :app:javaPreCompileDebugUnitTest UP-TO-DATE
> Task :app:mergeDebugShaders UP-TO-DATE
> Task :app:compileDebugShaders NO-SOURCE
> Task :app:generateDebugAssets UP-TO-DATE
> Task :app:mergeDebugAssets UP-TO-DATE
> Task :app:packageDebugUnitTestForUnitTest UP-TO-DATE
> Task :app:generateDebugUnitTestConfig UP-TO-DATE
> Task :app:mergeDebugNativeDebugMetadata NO-SOURCE
> Task :app:compressDebugAssets UP-TO-DATE
> Task :app:desugarDebugFileDependencies UP-TO-DATE
> Task :app:checkDebugDuplicateClasses UP-TO-DATE
> Task :app:mergeExtDexDebug UP-TO-DATE
> Task :app:mergeLibDexDebug UP-TO-DATE
> Task :app:mergeDebugJniLibFolders UP-TO-DATE
> Task :app:mergeDebugNativeLibs UP-TO-DATE
> Task :app:stripDebugDebugSymbols UP-TO-DATE
> Task :app:validateSigningDebug UP-TO-DATE
> Task :app:writeDebugAppMetadata UP-TO-DATE
> Task :app:writeDebugSigningConfigVersions UP-TO-DATE
> Task :app:preDebugAndroidTestBuild SKIPPED
> Task :app:checkDebugAndroidTestAarMetadata UP-TO-DATE
> Task :app:generateDebugAndroidTestResValues UP-TO-DATE
> Task :app:mapDebugAndroidTestSourceSetPaths UP-TO-DATE
> Task :app:generateDebugAndroidTestResources UP-TO-DATE
> Task :app:mergeDebugAndroidTestResources UP-TO-DATE
> Task :app:processDebugAndroidTestManifest UP-TO-DATE
> Task :app:processDebugAndroidTestResources UP-TO-DATE
> Task :app:javaPreCompileDebugAndroidTest UP-TO-DATE
> Task :app:mergeDebugAndroidTestShaders UP-TO-DATE
> Task :app:compileDebugAndroidTestShaders NO-SOURCE
> Task :app:generateDebugAndroidTestAssets UP-TO-DATE
> Task :app:mergeDebugAndroidTestAssets UP-TO-DATE
> Task :app:compressDebugAndroidTestAssets UP-TO-DATE
> Task :app:desugarDebugAndroidTestFileDependencies UP-TO-DATE
> Task :app:checkDebugAndroidTestDuplicateClasses UP-TO-DATE
> Task :app:mergeExtDexDebugAndroidTest UP-TO-DATE
> Task :app:mergeLibDexDebugAndroidTest UP-TO-DATE
> Task :app:mergeDebugAndroidTestJniLibFolders UP-TO-DATE
> Task :app:mergeDebugAndroidTestNativeLibs NO-SOURCE
> Task :app:stripDebugAndroidTestDebugSymbols NO-SOURCE
> Task :app:validateSigningDebugAndroidTest UP-TO-DATE
> Task :app:writeDebugAndroidTestSigningConfigVersions UP-TO-DATE
> Task :app:extractProguardFiles UP-TO-DATE
> Task :app:kaptGenerateStubsDebugKotlin
> Task :app:kaptDebugKotlin UP-TO-DATE
> Task :app:compileDebugKotlin
> Task :app:compileDebugJavaWithJavac UP-TO-DATE
> Task :app:bundleDebugClassesToCompileJar
> Task :app:bundleDebugClassesToRuntimeJar
> Task :app:kaptGenerateStubsDebugUnitTestKotlin UP-TO-DATE
> Task :app:processDebugJavaRes UP-TO-DATE
> Task :app:kaptDebugUnitTestKotlin
> Task :app:dexBuilderDebug
> Task :app:compileDebugUnitTestKotlin UP-TO-DATE
> Task :app:compileDebugUnitTestJavaWithJavac NO-SOURCE
> Task :app:processDebugUnitTestJavaRes UP-TO-DATE
System.logW: A resource was acquired at attached stack trace but never released. See java.io.Closeable for information on avoiding resource leaks.
java.lang.Throwable: Explicit termination method 'close' not called
	at dalvik.system.CloseGuard.$$robo$$dalvik_system_CloseGuard$openWithCallSite(CloseGuard.java:288)
	at dalvik.system.CloseGuard.openWithCallSite(CloseGuard.java)
	at dalvik.system.CloseGuard.$$robo$$dalvik_system_CloseGuard$open(CloseGuard.java:257)
	at java.base/jdk.internal.reflect.DirectMethodHandleAccessor.invoke(DirectMethodHandleAccessor.java:104)
	at java.base/java.lang.reflect.Method.invoke(Method.java:578)
	at org.robolectric.shadows.ShadowCloseGuard$CloseGuardReflector$$Reflector40.open(Unknown Source)
	at org.robolectric.shadows.ShadowCloseGuard.open(ShadowCloseGuard.java:38)
	at dalvik.system.CloseGuard.open(CloseGuard.java)
	at android.database.sqlite.SQLiteDatabase.$$robo$$android_database_sqlite_SQLiteDatabase$openInner(SQLiteDatabase.java:1088)
	at android.database.sqlite.SQLiteDatabase.openInner(SQLiteDatabase.java)
	at android.database.sqlite.SQLiteDatabase.$$robo$$android_database_sqlite_SQLiteDatabase$open(SQLiteDatabase.java:1067)
	at android.database.sqlite.SQLiteDatabase.open(SQLiteDatabase.java)
	at android.database.sqlite.SQLiteDatabase.$$robo$$android_database_sqlite_SQLiteDatabase$openDatabase(SQLiteDatabase.java:931)
	at android.database.sqlite.SQLiteDatabase.openDatabase(SQLiteDatabase.java)
	at android.database.sqlite.SQLiteDatabase.$$robo$$android_database_sqlite_SQLiteDatabase$openDatabase(SQLiteDatabase.java:920)
	at android.database.sqlite.SQLiteDatabase.openDatabase(SQLiteDatabase.java)
	at android.database.sqlite.SQLiteOpenHelper.$$robo$$android_database_sqlite_SQLiteOpenHelper$getDatabaseLocked(SQLiteOpenHelper.java:373)
	at android.database.sqlite.SQLiteOpenHelper.getDatabaseLocked(SQLiteOpenHelper.java)
	at android.database.sqlite.SQLiteOpenHelper.$$robo$$android_database_sqlite_SQLiteOpenHelper$getWritableDatabase(SQLiteOpenHelper.java:316)
	at android.database.sqlite.SQLiteOpenHelper.getWritableDatabase(SQLiteOpenHelper.java)
	at androidx.sqlite.db.framework.FrameworkSQLiteOpenHelper$OpenHelper.getWritableOrReadableDatabase(FrameworkSQLiteOpenHelper.android.kt:224)
	at androidx.sqlite.db.framework.FrameworkSQLiteOpenHelper$OpenHelper.innerGetDatabase(FrameworkSQLiteOpenHelper.android.kt:167)
	at androidx.sqlite.db.framework.FrameworkSQLiteOpenHelper$OpenHelper.getSupportDatabase(FrameworkSQLiteOpenHelper.android.kt:141)
	at androidx.sqlite.db.framework.FrameworkSQLiteOpenHelper.getWritableDatabase(FrameworkSQLiteOpenHelper.android.kt:96)
	at androidx.room.driver.SupportSQLiteDriver.open(SupportSQLiteDriver.android.kt:26)
	at androidx.room.driver.SupportSQLiteConnectionPool.getSupportConnection(SupportSQLiteConnectionPool.android.kt:35)
	at androidx.room.driver.SupportSQLiteConnectionPool.useConnection(SupportSQLiteConnectionPool.android.kt:42)
	at androidx.room.RoomConnectionManager.useConnection(RoomConnectionManager.android.kt:126)
	at androidx.room.RoomDatabase.useConnection$room_runtime_release(RoomDatabase.android.kt:593)
	at androidx.room.util.DBUtil__DBUtil_androidKt$performBlocking$1.invokeSuspend(DBUtil.android.kt:247)
	at androidx.room.util.DBUtil__DBUtil_androidKt$performBlocking$1.invoke(DBUtil.android.kt)
	at androidx.room.util.DBUtil__DBUtil_androidKt$performBlocking$1.invoke(DBUtil.android.kt)
	at androidx.room.coroutines.RunBlockingUninterruptible_androidKt$runBlockingUninterruptible$1$1.invokeSuspend(RunBlockingUninterruptible.android.kt:52)
	at androidx.room.coroutines.RunBlockingUninterruptible_androidKt$runBlockingUninterruptible$1$1.invoke(RunBlockingUninterruptible.android.kt)
	at androidx.room.coroutines.RunBlockingUninterruptible_androidKt$runBlockingUninterruptible$1$1.invoke(RunBlockingUninterruptible.android.kt)
	at kotlinx.coroutines.intrinsics.UndispatchedKt.startCoroutineUndispatched(Undispatched.kt:20)
	at kotlinx.coroutines.CoroutineStart.invoke(CoroutineStart.kt:360)
	at kotlinx.coroutines.AbstractCoroutine.start(AbstractCoroutine.kt:134)
	at kotlinx.coroutines.BuildersKt__Builders_commonKt.launch(Builders.common.kt:53)
	at kotlinx.coroutines.BuildersKt.launch(Unknown Source)
	at androidx.room.coroutines.RunBlockingUninterruptible_androidKt$runBlockingUninterruptible$1.invokeSuspend(RunBlockingUninterruptible.android.kt:51)
	at kotlin.coroutines.jvm.internal.BaseContinuationImpl.resumeWith(ContinuationImpl.kt:33)
	at kotlinx.coroutines.DispatchedTask.run(DispatchedTask.kt:100)
	at kotlinx.coroutines.EventLoopImplBase.processNextEvent(EventLoop.common.kt:263)
	at kotlinx.coroutines.BlockingCoroutine.joinBlocking(Builders.kt:94)
	at kotlinx.coroutines.BuildersKt__BuildersKt.runBlocking(Builders.kt:70)
	at kotlinx.coroutines.BuildersKt.runBlocking(Unknown Source)
	at kotlinx.coroutines.BuildersKt__BuildersKt.runBlocking$default(Builders.kt:48)
	at kotlinx.coroutines.BuildersKt.runBlocking$default(Unknown Source)
	at androidx.room.coroutines.RunBlockingUninterruptible_androidKt.runBlockingUninterruptible(RunBlockingUninterruptible.android.kt:45)
	at androidx.room.util.DBUtil__DBUtil_androidKt.performBlocking(DBUtil.android.kt:69)
	at androidx.room.util.DBUtil.performBlocking(Unknown Source)
	at com.ainotification.inbox.PolicyStateDao_Impl.read(PolicyStateDao_Impl.java:92)
	at com.ainotification.inbox.PolicyStateStore.read$lambda$0(PolicyStateStore.kt:22)
	at java.base/java.util.concurrent.FutureTask.run(FutureTask.java:317)
	at java.base/java.util.concurrent.ThreadPoolExecutor.runWorker(ThreadPoolExecutor.java:1144)
	at java.base/java.util.concurrent.ThreadPoolExecutor$Worker.run(ThreadPoolExecutor.java:642)
	at java.base/java.lang.Thread.run(Thread.java:1623)

System.logW: A resource was acquired at attached stack trace but never released. See java.io.Closeable for information on avoiding resource leaks.
java.lang.Throwable: Explicit termination method 'close' not called
	at dalvik.system.CloseGuard.$$robo$$dalvik_system_CloseGuard$openWithCallSite(CloseGuard.java:288)
	at dalvik.system.CloseGuard.openWithCallSite(CloseGuard.java)
	at dalvik.system.CloseGuard.$$robo$$dalvik_system_CloseGuard$open(CloseGuard.java:257)
	at java.base/jdk.internal.reflect.DirectMethodHandleAccessor.invoke(DirectMethodHandleAccessor.java:104)
	at java.base/java.lang.reflect.Method.invoke(Method.java:578)
	at org.robolectric.shadows.ShadowCloseGuard$CloseGuardReflector$$Reflector40.open(Unknown Source)
	at org.robolectric.shadows.ShadowCloseGuard.open(ShadowCloseGuard.java:38)
	at dalvik.system.CloseGuard.open(CloseGuard.java)
	at android.database.sqlite.SQLiteDatabase.$$robo$$android_database_sqlite_SQLiteDatabase$openInner(SQLiteDatabase.java:1088)
	at android.database.sqlite.SQLiteDatabase.openInner(SQLiteDatabase.java)
	at android.database.sqlite.SQLiteDatabase.$$robo$$android_database_sqlite_SQLiteDatabase$open(SQLiteDatabase.java:1067)
	at android.database.sqlite.SQLiteDatabase.open(SQLiteDatabase.java)
	at android.database.sqlite.SQLiteDatabase.$$robo$$android_database_sqlite_SQLiteDatabase$openDatabase(SQLiteDatabase.java:931)
	at android.database.sqlite.SQLiteDatabase.openDatabase(SQLiteDatabase.java)
	at android.database.sqlite.SQLiteDatabase.$$robo$$android_database_sqlite_SQLiteDatabase$openDatabase(SQLiteDatabase.java:920)
	at android.database.sqlite.SQLiteDatabase.openDatabase(SQLiteDatabase.java)
	at android.database.sqlite.SQLiteOpenHelper.$$robo$$android_database_sqlite_SQLiteOpenHelper$getDatabaseLocked(SQLiteOpenHelper.java:373)
	at android.database.sqlite.SQLiteOpenHelper.getDatabaseLocked(SQLiteOpenHelper.java)
	at android.database.sqlite.SQLiteOpenHelper.$$robo$$android_database_sqlite_SQLiteOpenHelper$getWritableDatabase(SQLiteOpenHelper.java:316)
	at android.database.sqlite.SQLiteOpenHelper.getWritableDatabase(SQLiteOpenHelper.java)
	at androidx.sqlite.db.framework.FrameworkSQLiteOpenHelper$OpenHelper.getWritableOrReadableDatabase(FrameworkSQLiteOpenHelper.android.kt:224)
	at androidx.sqlite.db.framework.FrameworkSQLiteOpenHelper$OpenHelper.innerGetDatabase(FrameworkSQLiteOpenHelper.android.kt:167)
	at androidx.sqlite.db.framework.FrameworkSQLiteOpenHelper$OpenHelper.getSupportDatabase(FrameworkSQLiteOpenHelper.android.kt:141)
	at androidx.sqlite.db.framework.FrameworkSQLiteOpenHelper.getWritableDatabase(FrameworkSQLiteOpenHelper.android.kt:96)
	at androidx.room.driver.SupportSQLiteDriver.open(SupportSQLiteDriver.android.kt:26)
	at androidx.room.driver.SupportSQLiteConnectionPool.getSupportConnection(SupportSQLiteConnectionPool.android.kt:35)
	at androidx.room.driver.SupportSQLiteConnectionPool.useConnection(SupportSQLiteConnectionPool.android.kt:42)
	at androidx.room.RoomConnectionManager.useConnection(RoomConnectionManager.android.kt:126)
	at androidx.room.RoomDatabase.useConnection$room_runtime_release(RoomDatabase.android.kt:593)
	at androidx.room.util.DBUtil__DBUtil_androidKt$performBlocking$1.invokeSuspend(DBUtil.android.kt:247)
	at androidx.room.util.DBUtil__DBUtil_androidKt$performBlocking$1.invoke(DBUtil.android.kt)
	at androidx.room.util.DBUtil__DBUtil_androidKt$performBlocking$1.invoke(DBUtil.android.kt)
	at androidx.room.coroutines.RunBlockingUninterruptible_androidKt$runBlockingUninterruptible$1$1.invokeSuspend(RunBlockingUninterruptible.android.kt:52)
	at androidx.room.coroutines.RunBlockingUninterruptible_androidKt$runBlockingUninterruptible$1$1.invoke(RunBlockingUninterruptible.android.kt)
	at androidx.room.coroutines.RunBlockingUninterruptible_androidKt$runBlockingUninterruptible$1$1.invoke(RunBlockingUninterruptible.android.kt)
	at kotlinx.coroutines.intrinsics.UndispatchedKt.startCoroutineUndispatched(Undispatched.kt:20)
	at kotlinx.coroutines.CoroutineStart.invoke(CoroutineStart.kt:360)
	at kotlinx.coroutines.AbstractCoroutine.start(AbstractCoroutine.kt:134)
	at kotlinx.coroutines.BuildersKt__Builders_commonKt.launch(Builders.common.kt:53)
	at kotlinx.coroutines.BuildersKt.launch(Unknown Source)
	at androidx.room.coroutines.RunBlockingUninterruptible_androidKt$runBlockingUninterruptible$1.invokeSuspend(RunBlockingUninterruptible.android.kt:51)
	at kotlin.coroutines.jvm.internal.BaseContinuationImpl.resumeWith(ContinuationImpl.kt:33)
	at kotlinx.coroutines.DispatchedTask.run(DispatchedTask.kt:100)
	at kotlinx.coroutines.EventLoopImplBase.processNextEvent(EventLoop.common.kt:263)
	at kotlinx.coroutines.BlockingCoroutine.joinBlocking(Builders.kt:94)
	at kotlinx.coroutines.BuildersKt__BuildersKt.runBlocking(Builders.kt:70)
	at kotlinx.coroutines.BuildersKt.runBlocking(Unknown Source)
	at kotlinx.coroutines.BuildersKt__BuildersKt.runBlocking$default(Builders.kt:48)
	at kotlinx.coroutines.BuildersKt.runBlocking$default(Unknown Source)
	at androidx.room.coroutines.RunBlockingUninterruptible_androidKt.runBlockingUninterruptible(RunBlockingUninterruptible.android.kt:45)
	at androidx.room.util.DBUtil__DBUtil_androidKt.performBlocking(DBUtil.android.kt:69)
	at androidx.room.util.DBUtil.performBlocking(Unknown Source)
	at com.ainotification.inbox.PolicyStateDao_Impl.read(PolicyStateDao_Impl.java:92)
	at com.ainotification.inbox.PolicyStateStore.read$lambda$0(PolicyStateStore.kt:22)
	at java.base/java.util.concurrent.FutureTask.run(FutureTask.java:317)
	at java.base/java.util.concurrent.ThreadPoolExecutor.runWorker(ThreadPoolExecutor.java:1144)
	at java.base/java.util.concurrent.ThreadPoolExecutor$Worker.run(ThreadPoolExecutor.java:642)
	at java.base/java.lang.Thread.run(Thread.java:1623)

System.logW: A resource was acquired at attached stack trace but never released. See java.io.Closeable for information on avoiding resource leaks.
java.lang.Throwable: Explicit termination method 'close' not called
	at dalvik.system.CloseGuard.$$robo$$dalvik_system_CloseGuard$openWithCallSite(CloseGuard.java:288)
	at dalvik.system.CloseGuard.openWithCallSite(CloseGuard.java)
	at dalvik.system.CloseGuard.$$robo$$dalvik_system_CloseGuard$open(CloseGuard.java:257)
	at java.base/jdk.internal.reflect.DirectMethodHandleAccessor.invoke(DirectMethodHandleAccessor.java:104)
	at java.base/java.lang.reflect.Method.invoke(Method.java:578)
	at org.robolectric.shadows.ShadowCloseGuard$CloseGuardReflector$$Reflector40.open(Unknown Source)
	at org.robolectric.shadows.ShadowCloseGuard.open(ShadowCloseGuard.java:38)
	at dalvik.system.CloseGuard.open(CloseGuard.java)
	at android.database.sqlite.SQLiteDatabase.$$robo$$android_database_sqlite_SQLiteDatabase$openInner(SQLiteDatabase.java:1088)
	at android.database.sqlite.SQLiteDatabase.openInner(SQLiteDatabase.java)
	at android.database.sqlite.SQLiteDatabase.$$robo$$android_database_sqlite_SQLiteDatabase$open(SQLiteDatabase.java:1067)
	at android.database.sqlite.SQLiteDatabase.open(SQLiteDatabase.java)
	at android.database.sqlite.SQLiteDatabase.$$robo$$android_database_sqlite_SQLiteDatabase$openDatabase(SQLiteDatabase.java:931)
	at android.database.sqlite.SQLiteDatabase.openDatabase(SQLiteDatabase.java)
	at android.database.sqlite.SQLiteDatabase.$$robo$$android_database_sqlite_SQLiteDatabase$openDatabase(SQLiteDatabase.java:920)
	at android.database.sqlite.SQLiteDatabase.openDatabase(SQLiteDatabase.java)
	at android.database.sqlite.SQLiteOpenHelper.$$robo$$android_database_sqlite_SQLiteOpenHelper$getDatabaseLocked(SQLiteOpenHelper.java:373)
	at android.database.sqlite.SQLiteOpenHelper.getDatabaseLocked(SQLiteOpenHelper.java)
	at android.database.sqlite.SQLiteOpenHelper.$$robo$$android_database_sqlite_SQLiteOpenHelper$getWritableDatabase(SQLiteOpenHelper.java:316)
	at android.database.sqlite.SQLiteOpenHelper.getWritableDatabase(SQLiteOpenHelper.java)
	at androidx.sqlite.db.framework.FrameworkSQLiteOpenHelper$OpenHelper.getWritableOrReadableDatabase(FrameworkSQLiteOpenHelper.android.kt:224)
	at androidx.sqlite.db.framework.FrameworkSQLiteOpenHelper$OpenHelper.innerGetDatabase(FrameworkSQLiteOpenHelper.android.kt:167)
	at androidx.sqlite.db.framework.FrameworkSQLiteOpenHelper$OpenHelper.getSupportDatabase(FrameworkSQLiteOpenHelper.android.kt:141)
	at androidx.sqlite.db.framework.FrameworkSQLiteOpenHelper.getWritableDatabase(FrameworkSQLiteOpenHelper.android.kt:96)
	at androidx.room.driver.SupportSQLiteDriver.open(SupportSQLiteDriver.android.kt:26)
	at androidx.room.driver.SupportSQLiteConnectionPool.getSupportConnection(SupportSQLiteConnectionPool.android.kt:35)
	at androidx.room.driver.SupportSQLiteConnectionPool.useConnection(SupportSQLiteConnectionPool.android.kt:42)
	at androidx.room.RoomConnectionManager.useConnection(RoomConnectionManager.android.kt:126)
	at androidx.room.RoomDatabase.useConnection$room_runtime_release(RoomDatabase.android.kt:593)
	at androidx.room.util.DBUtil__DBUtil_androidKt$performBlocking$1.invokeSuspend(DBUtil.android.kt:247)
	at androidx.room.util.DBUtil__DBUtil_androidKt$performBlocking$1.invoke(DBUtil.android.kt)
	at androidx.room.util.DBUtil__DBUtil_androidKt$performBlocking$1.invoke(DBUtil.android.kt)
	at androidx.room.coroutines.RunBlockingUninterruptible_androidKt$runBlockingUninterruptible$1$1.invokeSuspend(RunBlockingUninterruptible.android.kt:52)
	at androidx.room.coroutines.RunBlockingUninterruptible_androidKt$runBlockingUninterruptible$1$1.invoke(RunBlockingUninterruptible.android.kt)
	at androidx.room.coroutines.RunBlockingUninterruptible_androidKt$runBlockingUninterruptible$1$1.invoke(RunBlockingUninterruptible.android.kt)
	at kotlinx.coroutines.intrinsics.UndispatchedKt.startCoroutineUndispatched(Undispatched.kt:20)
	at kotlinx.coroutines.CoroutineStart.invoke(CoroutineStart.kt:360)
	at kotlinx.coroutines.AbstractCoroutine.start(AbstractCoroutine.kt:134)
	at kotlinx.coroutines.BuildersKt__Builders_commonKt.launch(Builders.common.kt:53)
	at kotlinx.coroutines.BuildersKt.launch(Unknown Source)
	at androidx.room.coroutines.RunBlockingUninterruptible_androidKt$runBlockingUninterruptible$1.invokeSuspend(RunBlockingUninterruptible.android.kt:51)
	at kotlin.coroutines.jvm.internal.BaseContinuationImpl.resumeWith(ContinuationImpl.kt:33)
	at kotlinx.coroutines.DispatchedTask.run(DispatchedTask.kt:100)
	at kotlinx.coroutines.EventLoopImplBase.processNextEvent(EventLoop.common.kt:263)
	at kotlinx.coroutines.BlockingCoroutine.joinBlocking(Builders.kt:94)
	at kotlinx.coroutines.BuildersKt__BuildersKt.runBlocking(Builders.kt:70)
	at kotlinx.coroutines.BuildersKt.runBlocking(Unknown Source)
	at kotlinx.coroutines.BuildersKt__BuildersKt.runBlocking$default(Builders.kt:48)
	at kotlinx.coroutines.BuildersKt.runBlocking$default(Unknown Source)
	at androidx.room.coroutines.RunBlockingUninterruptible_androidKt.runBlockingUninterruptible(RunBlockingUninterruptible.android.kt:45)
	at androidx.room.util.DBUtil__DBUtil_androidKt.performBlocking(DBUtil.android.kt:69)
	at androidx.room.util.DBUtil.performBlocking(Unknown Source)
	at com.ainotification.inbox.PolicyStateDao_Impl.read(PolicyStateDao_Impl.java:92)
	at com.ainotification.inbox.PolicyStateStore.read$lambda$0(PolicyStateStore.kt:22)
	at java.base/java.util.concurrent.FutureTask.run(FutureTask.java:317)
	at java.base/java.util.concurrent.ThreadPoolExecutor.runWorker(ThreadPoolExecutor.java:1144)
	at java.base/java.util.concurrent.ThreadPoolExecutor$Worker.run(ThreadPoolExecutor.java:642)
	at java.base/java.lang.Thread.run(Thread.java:1623)

System.logW: A resource was acquired at attached stack trace but never released. See java.io.Closeable for information on avoiding resource leaks.
java.lang.Throwable: Explicit termination method 'close' not called
	at dalvik.system.CloseGuard.$$robo$$dalvik_system_CloseGuard$openWithCallSite(CloseGuard.java:288)
	at dalvik.system.CloseGuard.openWithCallSite(CloseGuard.java)
	at dalvik.system.CloseGuard.$$robo$$dalvik_system_CloseGuard$open(CloseGuard.java:257)
	at java.base/jdk.internal.reflect.DirectMethodHandleAccessor.invoke(DirectMethodHandleAccessor.java:104)
	at java.base/java.lang.reflect.Method.invoke(Method.java:578)
	at org.robolectric.shadows.ShadowCloseGuard$CloseGuardReflector$$Reflector40.open(Unknown Source)
	at org.robolectric.shadows.ShadowCloseGuard.open(ShadowCloseGuard.java:38)
	at dalvik.system.CloseGuard.open(CloseGuard.java)
	at android.database.sqlite.SQLiteDatabase.$$robo$$android_database_sqlite_SQLiteDatabase$openInner(SQLiteDatabase.java:1088)
	at android.database.sqlite.SQLiteDatabase.openInner(SQLiteDatabase.java)
	at android.database.sqlite.SQLiteDatabase.$$robo$$android_database_sqlite_SQLiteDatabase$open(SQLiteDatabase.java:1067)
	at android.database.sqlite.SQLiteDatabase.open(SQLiteDatabase.java)
	at android.database.sqlite.SQLiteDatabase.$$robo$$android_database_sqlite_SQLiteDatabase$openDatabase(SQLiteDatabase.java:931)
	at android.database.sqlite.SQLiteDatabase.openDatabase(SQLiteDatabase.java)
	at android.database.sqlite.SQLiteDatabase.$$robo$$android_database_sqlite_SQLiteDatabase$openDatabase(SQLiteDatabase.java:920)
	at android.database.sqlite.SQLiteDatabase.openDatabase(SQLiteDatabase.java)
	at android.database.sqlite.SQLiteOpenHelper.$$robo$$android_database_sqlite_SQLiteOpenHelper$getDatabaseLocked(SQLiteOpenHelper.java:373)
	at android.database.sqlite.SQLiteOpenHelper.getDatabaseLocked(SQLiteOpenHelper.java)
	at android.database.sqlite.SQLiteOpenHelper.$$robo$$android_database_sqlite_SQLiteOpenHelper$getWritableDatabase(SQLiteOpenHelper.java:316)
	at android.database.sqlite.SQLiteOpenHelper.getWritableDatabase(SQLiteOpenHelper.java)
	at androidx.sqlite.db.framework.FrameworkSQLiteOpenHelper$OpenHelper.getWritableOrReadableDatabase(FrameworkSQLiteOpenHelper.android.kt:224)
	at androidx.sqlite.db.framework.FrameworkSQLiteOpenHelper$OpenHelper.innerGetDatabase(FrameworkSQLiteOpenHelper.android.kt:167)
	at androidx.sqlite.db.framework.FrameworkSQLiteOpenHelper$OpenHelper.getSupportDatabase(FrameworkSQLiteOpenHelper.android.kt:141)
	at androidx.sqlite.db.framework.FrameworkSQLiteOpenHelper.getWritableDatabase(FrameworkSQLiteOpenHelper.android.kt:96)
	at androidx.room.driver.SupportSQLiteDriver.open(SupportSQLiteDriver.android.kt:26)
	at androidx.room.driver.SupportSQLiteConnectionPool.getSupportConnection(SupportSQLiteConnectionPool.android.kt:35)
	at androidx.room.driver.SupportSQLiteConnectionPool.useConnection(SupportSQLiteConnectionPool.android.kt:42)
	at androidx.room.RoomConnectionManager.useConnection(RoomConnectionManager.android.kt:126)
	at androidx.room.RoomDatabase.useConnection$room_runtime_release(RoomDatabase.android.kt:593)
	at androidx.room.util.DBUtil__DBUtil_androidKt$performBlocking$1.invokeSuspend(DBUtil.android.kt:247)
	at androidx.room.util.DBUtil__DBUtil_androidKt$performBlocking$1.invoke(DBUtil.android.kt)
	at androidx.room.util.DBUtil__DBUtil_androidKt$performBlocking$1.invoke(DBUtil.android.kt)
	at androidx.room.coroutines.RunBlockingUninterruptible_androidKt$runBlockingUninterruptible$1$1.invokeSuspend(RunBlockingUninterruptible.android.kt:52)
	at androidx.room.coroutines.RunBlockingUninterruptible_androidKt$runBlockingUninterruptible$1$1.invoke(RunBlockingUninterruptible.android.kt)
	at androidx.room.coroutines.RunBlockingUninterruptible_androidKt$runBlockingUninterruptible$1$1.invoke(RunBlockingUninterruptible.android.kt)
	at kotlinx.coroutines.intrinsics.UndispatchedKt.startCoroutineUndispatched(Undispatched.kt:20)
	at kotlinx.coroutines.CoroutineStart.invoke(CoroutineStart.kt:360)
	at kotlinx.coroutines.AbstractCoroutine.start(AbstractCoroutine.kt:134)
	at kotlinx.coroutines.BuildersKt__Builders_commonKt.launch(Builders.common.kt:53)
	at kotlinx.coroutines.BuildersKt.launch(Unknown Source)
	at androidx.room.coroutines.RunBlockingUninterruptible_androidKt$runBlockingUninterruptible$1.invokeSuspend(RunBlockingUninterruptible.android.kt:51)
	at kotlin.coroutines.jvm.internal.BaseContinuationImpl.resumeWith(ContinuationImpl.kt:33)
	at kotlinx.coroutines.DispatchedTask.run(DispatchedTask.kt:100)
	at kotlinx.coroutines.EventLoopImplBase.processNextEvent(EventLoop.common.kt:263)
	at kotlinx.coroutines.BlockingCoroutine.joinBlocking(Builders.kt:94)
	at kotlinx.coroutines.BuildersKt__BuildersKt.runBlocking(Builders.kt:70)
	at kotlinx.coroutines.BuildersKt.runBlocking(Unknown Source)
	at kotlinx.coroutines.BuildersKt__BuildersKt.runBlocking$default(Builders.kt:48)
	at kotlinx.coroutines.BuildersKt.runBlocking$default(Unknown Source)
	at androidx.room.coroutines.RunBlockingUninterruptible_androidKt.runBlockingUninterruptible(RunBlockingUninterruptible.android.kt:45)
	at androidx.room.util.DBUtil__DBUtil_androidKt.performBlocking(DBUtil.android.kt:69)
	at androidx.room.util.DBUtil.performBlocking(Unknown Source)
	at com.ainotification.inbox.PolicyStateDao_Impl.read(PolicyStateDao_Impl.java:92)
	at com.ainotification.inbox.PolicyStateStore.read$lambda$0(PolicyStateStore.kt:22)
	at java.base/java.util.concurrent.FutureTask.run(FutureTask.java:317)
	at java.base/java.util.concurrent.ThreadPoolExecutor.runWorker(ThreadPoolExecutor.java:1144)
	at java.base/java.util.concurrent.ThreadPoolExecutor$Worker.run(ThreadPoolExecutor.java:642)
	at java.base/java.lang.Thread.run(Thread.java:1623)

System.logW: A resource was acquired at attached stack trace but never released. See java.io.Closeable for information on avoiding resource leaks.
java.lang.Throwable: Explicit termination method 'close' not called
	at dalvik.system.CloseGuard.$$robo$$dalvik_system_CloseGuard$openWithCallSite(CloseGuard.java:288)
	at dalvik.system.CloseGuard.openWithCallSite(CloseGuard.java)
	at dalvik.system.CloseGuard.$$robo$$dalvik_system_CloseGuard$open(CloseGuard.java:257)
	at java.base/jdk.internal.reflect.DirectMethodHandleAccessor.invoke(DirectMethodHandleAccessor.java:104)
	at java.base/java.lang.reflect.Method.invoke(Method.java:578)
	at org.robolectric.shadows.ShadowCloseGuard$CloseGuardReflector$$Reflector40.open(Unknown Source)
	at org.robolectric.shadows.ShadowCloseGuard.open(ShadowCloseGuard.java:38)
	at dalvik.system.CloseGuard.open(CloseGuard.java)
	at android.database.sqlite.SQLiteDatabase.$$robo$$android_database_sqlite_SQLiteDatabase$openInner(SQLiteDatabase.java:1088)
	at android.database.sqlite.SQLiteDatabase.openInner(SQLiteDatabase.java)
	at android.database.sqlite.SQLiteDatabase.$$robo$$android_database_sqlite_SQLiteDatabase$open(SQLiteDatabase.java:1067)
	at android.database.sqlite.SQLiteDatabase.open(SQLiteDatabase.java)
	at android.database.sqlite.SQLiteDatabase.$$robo$$android_database_sqlite_SQLiteDatabase$openDatabase(SQLiteDatabase.java:931)
	at android.database.sqlite.SQLiteDatabase.openDatabase(SQLiteDatabase.java)
	at android.database.sqlite.SQLiteDatabase.$$robo$$android_database_sqlite_SQLiteDatabase$openDatabase(SQLiteDatabase.java:920)
	at android.database.sqlite.SQLiteDatabase.openDatabase(SQLiteDatabase.java)
	at android.database.sqlite.SQLiteOpenHelper.$$robo$$android_database_sqlite_SQLiteOpenHelper$getDatabaseLocked(SQLiteOpenHelper.java:373)
	at android.database.sqlite.SQLiteOpenHelper.getDatabaseLocked(SQLiteOpenHelper.java)
	at android.database.sqlite.SQLiteOpenHelper.$$robo$$android_database_sqlite_SQLiteOpenHelper$getWritableDatabase(SQLiteOpenHelper.java:316)
	at android.database.sqlite.SQLiteOpenHelper.getWritableDatabase(SQLiteOpenHelper.java)
	at androidx.sqlite.db.framework.FrameworkSQLiteOpenHelper$OpenHelper.getWritableOrReadableDatabase(FrameworkSQLiteOpenHelper.android.kt:224)
	at androidx.sqlite.db.framework.FrameworkSQLiteOpenHelper$OpenHelper.innerGetDatabase(FrameworkSQLiteOpenHelper.android.kt:167)
	at androidx.sqlite.db.framework.FrameworkSQLiteOpenHelper$OpenHelper.getSupportDatabase(FrameworkSQLiteOpenHelper.android.kt:141)
	at androidx.sqlite.db.framework.FrameworkSQLiteOpenHelper.getWritableDatabase(FrameworkSQLiteOpenHelper.android.kt:96)
	at androidx.room.driver.SupportSQLiteDriver.open(SupportSQLiteDriver.android.kt:26)
	at androidx.room.driver.SupportSQLiteConnectionPool.getSupportConnection(SupportSQLiteConnectionPool.android.kt:35)
	at androidx.room.driver.SupportSQLiteConnectionPool.useConnection(SupportSQLiteConnectionPool.android.kt:42)
	at androidx.room.RoomConnectionManager.useConnection(RoomConnectionManager.android.kt:126)
	at androidx.room.RoomDatabase.useConnection$room_runtime_release(RoomDatabase.android.kt:593)
	at androidx.room.util.DBUtil__DBUtil_androidKt$performBlocking$1.invokeSuspend(DBUtil.android.kt:247)
	at androidx.room.util.DBUtil__DBUtil_androidKt$performBlocking$1.invoke(DBUtil.android.kt)
	at androidx.room.util.DBUtil__DBUtil_androidKt$performBlocking$1.invoke(DBUtil.android.kt)
	at androidx.room.coroutines.RunBlockingUninterruptible_androidKt$runBlockingUninterruptible$1$1.invokeSuspend(RunBlockingUninterruptible.android.kt:52)
	at androidx.room.coroutines.RunBlockingUninterruptible_androidKt$runBlockingUninterruptible$1$1.invoke(RunBlockingUninterruptible.android.kt)
	at androidx.room.coroutines.RunBlockingUninterruptible_androidKt$runBlockingUninterruptible$1$1.invoke(RunBlockingUninterruptible.android.kt)
	at kotlinx.coroutines.intrinsics.UndispatchedKt.startCoroutineUndispatched(Undispatched.kt:20)
	at kotlinx.coroutines.CoroutineStart.invoke(CoroutineStart.kt:360)
	at kotlinx.coroutines.AbstractCoroutine.start(AbstractCoroutine.kt:134)
	at kotlinx.coroutines.BuildersKt__Builders_commonKt.launch(Builders.common.kt:53)
	at kotlinx.coroutines.BuildersKt.launch(Unknown Source)
	at androidx.room.coroutines.RunBlockingUninterruptible_androidKt$runBlockingUninterruptible$1.invokeSuspend(RunBlockingUninterruptible.android.kt:51)
	at kotlin.coroutines.jvm.internal.BaseContinuationImpl.resumeWith(ContinuationImpl.kt:33)
	at kotlinx.coroutines.DispatchedTask.run(DispatchedTask.kt:100)
	at kotlinx.coroutines.EventLoopImplBase.processNextEvent(EventLoop.common.kt:263)
	at kotlinx.coroutines.BlockingCoroutine.joinBlocking(Builders.kt:94)
	at kotlinx.coroutines.BuildersKt__BuildersKt.runBlocking(Builders.kt:70)
	at kotlinx.coroutines.BuildersKt.runBlocking(Unknown Source)
	at kotlinx.coroutines.BuildersKt__BuildersKt.runBlocking$default(Builders.kt:48)
	at kotlinx.coroutines.BuildersKt.runBlocking$default(Unknown Source)
	at androidx.room.coroutines.RunBlockingUninterruptible_androidKt.runBlockingUninterruptible(RunBlockingUninterruptible.android.kt:45)
	at androidx.room.util.DBUtil__DBUtil_androidKt.performBlocking(DBUtil.android.kt:69)
	at androidx.room.util.DBUtil.performBlocking(Unknown Source)
	at com.ainotification.inbox.PolicyStateDao_Impl.read(PolicyStateDao_Impl.java:92)
	at com.ainotification.inbox.PolicyStateStore.read$lambda$0(PolicyStateStore.kt:22)
	at java.base/java.util.concurrent.FutureTask.run(FutureTask.java:317)
	at java.base/java.util.concurrent.ThreadPoolExecutor.runWorker(ThreadPoolExecutor.java:1144)
	at java.base/java.util.concurrent.ThreadPoolExecutor$Worker.run(ThreadPoolExecutor.java:642)
	at java.base/java.lang.Thread.run(Thread.java:1623)

System.logW: A resource was acquired at attached stack trace but never released. See java.io.Closeable for information on avoiding resource leaks.
java.lang.Throwable: Explicit termination method 'close' not called
	at dalvik.system.CloseGuard.$$robo$$dalvik_system_CloseGuard$openWithCallSite(CloseGuard.java:288)
	at dalvik.system.CloseGuard.openWithCallSite(CloseGuard.java)
	at dalvik.system.CloseGuard.$$robo$$dalvik_system_CloseGuard$open(CloseGuard.java:257)
	at java.base/jdk.internal.reflect.DirectMethodHandleAccessor.invoke(DirectMethodHandleAccessor.java:104)
	at java.base/java.lang.reflect.Method.invoke(Method.java:578)
	at org.robolectric.shadows.ShadowCloseGuard$CloseGuardReflector$$Reflector40.open(Unknown Source)
	at org.robolectric.shadows.ShadowCloseGuard.open(ShadowCloseGuard.java:38)
	at dalvik.system.CloseGuard.open(CloseGuard.java)
	at android.database.sqlite.SQLiteDatabase.$$robo$$android_database_sqlite_SQLiteDatabase$openInner(SQLiteDatabase.java:1088)
	at android.database.sqlite.SQLiteDatabase.openInner(SQLiteDatabase.java)
	at android.database.sqlite.SQLiteDatabase.$$robo$$android_database_sqlite_SQLiteDatabase$open(SQLiteDatabase.java:1067)
	at android.database.sqlite.SQLiteDatabase.open(SQLiteDatabase.java)
	at android.database.sqlite.SQLiteDatabase.$$robo$$android_database_sqlite_SQLiteDatabase$openDatabase(SQLiteDatabase.java:931)
	at android.database.sqlite.SQLiteDatabase.openDatabase(SQLiteDatabase.java)
	at android.database.sqlite.SQLiteDatabase.$$robo$$android_database_sqlite_SQLiteDatabase$openDatabase(SQLiteDatabase.java:920)
	at android.database.sqlite.SQLiteDatabase.openDatabase(SQLiteDatabase.java)
	at android.database.sqlite.SQLiteOpenHelper.$$robo$$android_database_sqlite_SQLiteOpenHelper$getDatabaseLocked(SQLiteOpenHelper.java:373)
	at android.database.sqlite.SQLiteOpenHelper.getDatabaseLocked(SQLiteOpenHelper.java)
	at android.database.sqlite.SQLiteOpenHelper.$$robo$$android_database_sqlite_SQLiteOpenHelper$getWritableDatabase(SQLiteOpenHelper.java:316)
	at android.database.sqlite.SQLiteOpenHelper.getWritableDatabase(SQLiteOpenHelper.java)
	at androidx.sqlite.db.framework.FrameworkSQLiteOpenHelper$OpenHelper.getWritableOrReadableDatabase(FrameworkSQLiteOpenHelper.android.kt:224)
	at androidx.sqlite.db.framework.FrameworkSQLiteOpenHelper$OpenHelper.innerGetDatabase(FrameworkSQLiteOpenHelper.android.kt:167)
	at androidx.sqlite.db.framework.FrameworkSQLiteOpenHelper$OpenHelper.getSupportDatabase(FrameworkSQLiteOpenHelper.android.kt:141)
	at androidx.sqlite.db.framework.FrameworkSQLiteOpenHelper.getWritableDatabase(FrameworkSQLiteOpenHelper.android.kt:96)
	at androidx.room.driver.SupportSQLiteDriver.open(SupportSQLiteDriver.android.kt:26)
	at androidx.room.driver.SupportSQLiteConnectionPool.getSupportConnection(SupportSQLiteConnectionPool.android.kt:35)
	at androidx.room.driver.SupportSQLiteConnectionPool.useConnection(SupportSQLiteConnectionPool.android.kt:42)
	at androidx.room.RoomConnectionManager.useConnection(RoomConnectionManager.android.kt:126)
	at androidx.room.RoomDatabase.useConnection$room_runtime_release(RoomDatabase.android.kt:593)
	at androidx.room.util.DBUtil__DBUtil_androidKt$performBlocking$1.invokeSuspend(DBUtil.android.kt:247)
	at androidx.room.util.DBUtil__DBUtil_androidKt$performBlocking$1.invoke(DBUtil.android.kt)
	at androidx.room.util.DBUtil__DBUtil_androidKt$performBlocking$1.invoke(DBUtil.android.kt)
	at androidx.room.coroutines.RunBlockingUninterruptible_androidKt$runBlockingUninterruptible$1$1.invokeSuspend(RunBlockingUninterruptible.android.kt:52)
	at androidx.room.coroutines.RunBlockingUninterruptible_androidKt$runBlockingUninterruptible$1$1.invoke(RunBlockingUninterruptible.android.kt)
	at androidx.room.coroutines.RunBlockingUninterruptible_androidKt$runBlockingUninterruptible$1$1.invoke(RunBlockingUninterruptible.android.kt)
	at kotlinx.coroutines.intrinsics.UndispatchedKt.startCoroutineUndispatched(Undispatched.kt:20)
	at kotlinx.coroutines.CoroutineStart.invoke(CoroutineStart.kt:360)
	at kotlinx.coroutines.AbstractCoroutine.start(AbstractCoroutine.kt:134)
	at kotlinx.coroutines.BuildersKt__Builders_commonKt.launch(Builders.common.kt:53)
	at kotlinx.coroutines.BuildersKt.launch(Unknown Source)
	at androidx.room.coroutines.RunBlockingUninterruptible_androidKt$runBlockingUninterruptible$1.invokeSuspend(RunBlockingUninterruptible.android.kt:51)
	at kotlin.coroutines.jvm.internal.BaseContinuationImpl.resumeWith(ContinuationImpl.kt:33)
	at kotlinx.coroutines.DispatchedTask.run(DispatchedTask.kt:100)
	at kotlinx.coroutines.EventLoopImplBase.processNextEvent(EventLoop.common.kt:263)
	at kotlinx.coroutines.BlockingCoroutine.joinBlocking(Builders.kt:94)
	at kotlinx.coroutines.BuildersKt__BuildersKt.runBlocking(Builders.kt:70)
	at kotlinx.coroutines.BuildersKt.runBlocking(Unknown Source)
	at kotlinx.coroutines.BuildersKt__BuildersKt.runBlocking$default(Builders.kt:48)
	at kotlinx.coroutines.BuildersKt.runBlocking$default(Unknown Source)
	at androidx.room.coroutines.RunBlockingUninterruptible_androidKt.runBlockingUninterruptible(RunBlockingUninterruptible.android.kt:45)
	at androidx.room.util.DBUtil__DBUtil_androidKt.performBlocking(DBUtil.android.kt:69)
	at androidx.room.util.DBUtil.performBlocking(Unknown Source)
	at com.ainotification.inbox.PolicyStateDao_Impl.read(PolicyStateDao_Impl.java:92)
	at com.ainotification.inbox.PolicyStateStore.read$lambda$0(PolicyStateStore.kt:22)
	at java.base/java.util.concurrent.FutureTask.run(FutureTask.java:317)
	at java.base/java.util.concurrent.ThreadPoolExecutor.runWorker(ThreadPoolExecutor.java:1144)
	at java.base/java.util.concurrent.ThreadPoolExecutor$Worker.run(ThreadPoolExecutor.java:642)
	at java.base/java.lang.Thread.run(Thread.java:1623)

System.logW: A resource was acquired at attached stack trace but never released. See java.io.Closeable for information on avoiding resource leaks.
java.lang.Throwable: Explicit termination method 'SQLiteConnectionPool.close' not called
	at dalvik.system.CloseGuard.$$robo$$dalvik_system_CloseGuard$openWithCallSite(CloseGuard.java:288)
	at dalvik.system.CloseGuard.openWithCallSite(CloseGuard.java)
	at dalvik.system.CloseGuard.$$robo$$dalvik_system_CloseGuard$open(CloseGuard.java:257)
	at java.base/jdk.internal.reflect.DirectMethodHandleAccessor.invoke(DirectMethodHandleAccessor.java:104)
	at java.base/java.lang.reflect.Method.invoke(Method.java:578)
	at org.robolectric.shadows.ShadowCloseGuard$CloseGuardReflector$$Reflector40.open(Unknown Source)
	at org.robolectric.shadows.ShadowCloseGuard.open(ShadowCloseGuard.java:38)
	at dalvik.system.CloseGuard.open(CloseGuard.java)
	at android.database.sqlite.SQLiteConnectionPool.$$robo$$android_database_sqlite_SQLiteConnectionPool$open(SQLiteConnectionPool.java:226)
	at android.database.sqlite.SQLiteConnectionPool.open(SQLiteConnectionPool.java)
	at android.database.sqlite.SQLiteConnectionPool.$$robo$$android_database_sqlite_SQLiteConnectionPool$open(SQLiteConnectionPool.java:207)
	at android.database.sqlite.SQLiteConnectionPool.open(SQLiteConnectionPool.java)
	at android.database.sqlite.SQLiteDatabase.$$robo$$android_database_sqlite_SQLiteDatabase$openInner(SQLiteDatabase.java:1087)
	at android.database.sqlite.SQLiteDatabase.openInner(SQLiteDatabase.java)
	at android.database.sqlite.SQLiteDatabase.$$robo$$android_database_sqlite_SQLiteDatabase$open(SQLiteDatabase.java:1067)
	at android.database.sqlite.SQLiteDatabase.open(SQLiteDatabase.java)
	at android.database.sqlite.SQLiteDatabase.$$robo$$android_database_sqlite_SQLiteDatabase$openDatabase(SQLiteDatabase.java:931)
	at android.database.sqlite.SQLiteDatabase.openDatabase(SQLiteDatabase.java)
	at android.database.sqlite.SQLiteDatabase.$$robo$$android_database_sqlite_SQLiteDatabase$openDatabase(SQLiteDatabase.java:920)
	at android.database.sqlite.SQLiteDatabase.openDatabase(SQLiteDatabase.java)
	at android.database.sqlite.SQLiteOpenHelper.$$robo$$android_database_sqlite_SQLiteOpenHelper$getDatabaseLocked(SQLiteOpenHelper.java:373)
	at android.database.sqlite.SQLiteOpenHelper.getDatabaseLocked(SQLiteOpenHelper.java)
	at android.database.sqlite.SQLiteOpenHelper.$$robo$$android_database_sqlite_SQLiteOpenHelper$getWritableDatabase(SQLiteOpenHelper.java:316)
	at android.database.sqlite.SQLiteOpenHelper.getWritableDatabase(SQLiteOpenHelper.java)
	at androidx.sqlite.db.framework.FrameworkSQLiteOpenHelper$OpenHelper.getWritableOrReadableDatabase(FrameworkSQLiteOpenHelper.android.kt:224)
	at androidx.sqlite.db.framework.FrameworkSQLiteOpenHelper$OpenHelper.innerGetDatabase(FrameworkSQLiteOpenHelper.android.kt:167)
	at androidx.sqlite.db.framework.FrameworkSQLiteOpenHelper$OpenHelper.getSupportDatabase(FrameworkSQLiteOpenHelper.android.kt:141)
	at androidx.sqlite.db.framework.FrameworkSQLiteOpenHelper.getWritableDatabase(FrameworkSQLiteOpenHelper.android.kt:96)
	at androidx.room.driver.SupportSQLiteDriver.open(SupportSQLiteDriver.android.kt:26)
	at androidx.room.driver.SupportSQLiteConnectionPool.getSupportConnection(SupportSQLiteConnectionPool.android.kt:35)
	at androidx.room.driver.SupportSQLiteConnectionPool.useConnection(SupportSQLiteConnectionPool.android.kt:42)
	at androidx.room.RoomConnectionManager.useConnection(RoomConnectionManager.android.kt:126)
	at androidx.room.RoomDatabase.useConnection$room_runtime_release(RoomDatabase.android.kt:593)
	at androidx.room.util.DBUtil__DBUtil_androidKt$performBlocking$1.invokeSuspend(DBUtil.android.kt:247)
	at androidx.room.util.DBUtil__DBUtil_androidKt$performBlocking$1.invoke(DBUtil.android.kt)
	at androidx.room.util.DBUtil__DBUtil_androidKt$performBlocking$1.invoke(DBUtil.android.kt)
	at androidx.room.coroutines.RunBlockingUninterruptible_androidKt$runBlockingUninterruptible$1$1.invokeSuspend(RunBlockingUninterruptible.android.kt:52)
	at androidx.room.coroutines.RunBlockingUninterruptible_androidKt$runBlockingUninterruptible$1$1.invoke(RunBlockingUninterruptible.android.kt)
	at androidx.room.coroutines.RunBlockingUninterruptible_androidKt$runBlockingUninterruptible$1$1.invoke(RunBlockingUninterruptible.android.kt)
	at kotlinx.coroutines.intrinsics.UndispatchedKt.startCoroutineUndispatched(Undispatched.kt:20)
	at kotlinx.coroutines.CoroutineStart.invoke(CoroutineStart.kt:360)
	at kotlinx.coroutines.AbstractCoroutine.start(AbstractCoroutine.kt:134)
	at kotlinx.coroutines.BuildersKt__Builders_commonKt.launch(Builders.common.kt:53)
	at kotlinx.coroutines.BuildersKt.launch(Unknown Source)
	at androidx.room.coroutines.RunBlockingUninterruptible_androidKt$runBlockingUninterruptible$1.invokeSuspend(RunBlockingUninterruptible.android.kt:51)
	at kotlin.coroutines.jvm.internal.BaseContinuationImpl.resumeWith(ContinuationImpl.kt:33)
	at kotlinx.coroutines.DispatchedTask.run(DispatchedTask.kt:100)
	at kotlinx.coroutines.EventLoopImplBase.processNextEvent(EventLoop.common.kt:263)
	at kotlinx.coroutines.BlockingCoroutine.joinBlocking(Builders.kt:94)
	at kotlinx.coroutines.BuildersKt__BuildersKt.runBlocking(Builders.kt:70)
	at kotlinx.coroutines.BuildersKt.runBlocking(Unknown Source)
	at kotlinx.coroutines.BuildersKt__BuildersKt.runBlocking$default(Builders.kt:48)
	at kotlinx.coroutines.BuildersKt.runBlocking$default(Unknown Source)
	at androidx.room.coroutines.RunBlockingUninterruptible_androidKt.runBlockingUninterruptible(RunBlockingUninterruptible.android.kt:45)
	at androidx.room.util.DBUtil__DBUtil_androidKt.performBlocking(DBUtil.android.kt:69)
	at androidx.room.util.DBUtil.performBlocking(Unknown Source)
	at com.ainotification.inbox.PolicyStateDao_Impl.read(PolicyStateDao_Impl.java:92)
	at com.ainotification.inbox.PolicyStateStore.read$lambda$0(PolicyStateStore.kt:22)
	at java.base/java.util.concurrent.FutureTask.run(FutureTask.java:317)
	at java.base/java.util.concurrent.ThreadPoolExecutor.runWorker(ThreadPoolExecutor.java:1144)
	at java.base/java.util.concurrent.ThreadPoolExecutor$Worker.run(ThreadPoolExecutor.java:642)
	at java.base/java.lang.Thread.run(Thread.java:1623)

System.logW: A resource was acquired at attached stack trace but never released. See java.io.Closeable for information on avoiding resource leaks.
java.lang.Throwable: Explicit termination method 'SQLiteConnection.close' not called
	at dalvik.system.CloseGuard.$$robo$$dalvik_system_CloseGuard$openWithCallSite(CloseGuard.java:288)
	at dalvik.system.CloseGuard.openWithCallSite(CloseGuard.java)
	at dalvik.system.CloseGuard.$$robo$$dalvik_system_CloseGuard$open(CloseGuard.java:257)
	at java.base/jdk.internal.reflect.DirectMethodHandleAccessor.invoke(DirectMethodHandleAccessor.java:104)
	at java.base/java.lang.reflect.Method.invoke(Method.java:578)
	at org.robolectric.shadows.ShadowCloseGuard$CloseGuardReflector$$Reflector40.open(Unknown Source)
	at org.robolectric.shadows.ShadowCloseGuard.open(ShadowCloseGuard.java:38)
	at dalvik.system.CloseGuard.open(CloseGuard.java)
	at android.database.sqlite.SQLiteConnection.$$robo$$android_database_sqlite_SQLiteConnection$__constructor__(SQLiteConnection.java:182)
	at android.database.sqlite.SQLiteConnection.<init>(SQLiteConnection.java:173)
	at android.database.sqlite.SQLiteConnection.$$robo$$android_database_sqlite_SQLiteConnection$open(SQLiteConnection.java:202)
	at android.database.sqlite.SQLiteConnection.open(SQLiteConnection.java)
	at android.database.sqlite.SQLiteConnectionPool.$$robo$$android_database_sqlite_SQLiteConnectionPool$openConnectionLocked(SQLiteConnectionPool.java:528)
	at android.database.sqlite.SQLiteConnectionPool.openConnectionLocked(SQLiteConnectionPool.java)
	at android.database.sqlite.SQLiteConnectionPool.$$robo$$android_database_sqlite_SQLiteConnectionPool$open(SQLiteConnectionPool.java:215)
	at android.database.sqlite.SQLiteConnectionPool.open(SQLiteConnectionPool.java)
	at android.database.sqlite.SQLiteConnectionPool.$$robo$$android_database_sqlite_SQLiteConnectionPool$open(SQLiteConnectionPool.java:207)
	at android.database.sqlite.SQLiteConnectionPool.open(SQLiteConnectionPool.java)
	at android.database.sqlite.SQLiteDatabase.$$robo$$android_database_sqlite_SQLiteDatabase$openInner(SQLiteDatabase.java:1087)
	at android.database.sqlite.SQLiteDatabase.openInner(SQLiteDatabase.java)
	at android.database.sqlite.SQLiteDatabase.$$robo$$android_database_sqlite_SQLiteDatabase$open(SQLiteDatabase.java:1067)
	at android.database.sqlite.SQLiteDatabase.open(SQLiteDatabase.java)
	at android.database.sqlite.SQLiteDatabase.$$robo$$android_database_sqlite_SQLiteDatabase$openDatabase(SQLiteDatabase.java:931)
	at android.database.sqlite.SQLiteDatabase.openDatabase(SQLiteDatabase.java)
	at android.database.sqlite.SQLiteDatabase.$$robo$$android_database_sqlite_SQLiteDatabase$openDatabase(SQLiteDatabase.java:920)
	at android.database.sqlite.SQLiteDatabase.openDatabase(SQLiteDatabase.java)
	at android.database.sqlite.SQLiteOpenHelper.$$robo$$android_database_sqlite_SQLiteOpenHelper$getDatabaseLocked(SQLiteOpenHelper.java:373)
	at android.database.sqlite.SQLiteOpenHelper.getDatabaseLocked(SQLiteOpenHelper.java)
	at android.database.sqlite.SQLiteOpenHelper.$$robo$$android_database_sqlite_SQLiteOpenHelper$getWritableDatabase(SQLiteOpenHelper.java:316)
	at android.database.sqlite.SQLiteOpenHelper.getWritableDatabase(SQLiteOpenHelper.java)
	at androidx.sqlite.db.framework.FrameworkSQLiteOpenHelper$OpenHelper.getWritableOrReadableDatabase(FrameworkSQLiteOpenHelper.android.kt:224)
	at androidx.sqlite.db.framework.FrameworkSQLiteOpenHelper$OpenHelper.innerGetDatabase(FrameworkSQLiteOpenHelper.android.kt:167)
	at androidx.sqlite.db.framework.FrameworkSQLiteOpenHelper$OpenHelper.getSupportDatabase(FrameworkSQLiteOpenHelper.android.kt:141)
	at androidx.sqlite.db.framework.FrameworkSQLiteOpenHelper.getWritableDatabase(FrameworkSQLiteOpenHelper.android.kt:96)
	at androidx.room.driver.SupportSQLiteDriver.open(SupportSQLiteDriver.android.kt:26)
	at androidx.room.driver.SupportSQLiteConnectionPool.getSupportConnection(SupportSQLiteConnectionPool.android.kt:35)
	at androidx.room.driver.SupportSQLiteConnectionPool.useConnection(SupportSQLiteConnectionPool.android.kt:42)
	at androidx.room.RoomConnectionManager.useConnection(RoomConnectionManager.android.kt:126)
	at androidx.room.RoomDatabase.useConnection$room_runtime_release(RoomDatabase.android.kt:593)
	at androidx.room.util.DBUtil__DBUtil_androidKt$performBlocking$1.invokeSuspend(DBUtil.android.kt:247)
	at androidx.room.util.DBUtil__DBUtil_androidKt$performBlocking$1.invoke(DBUtil.android.kt)
	at androidx.room.util.DBUtil__DBUtil_androidKt$performBlocking$1.invoke(DBUtil.android.kt)
	at androidx.room.coroutines.RunBlockingUninterruptible_androidKt$runBlockingUninterruptible$1$1.invokeSuspend(RunBlockingUninterruptible.android.kt:52)
	at androidx.room.coroutines.RunBlockingUninterruptible_androidKt$runBlockingUninterruptible$1$1.invoke(RunBlockingUninterruptible.android.kt)
	at androidx.room.coroutines.RunBlockingUninterruptible_androidKt$runBlockingUninterruptible$1$1.invoke(RunBlockingUninterruptible.android.kt)
	at kotlinx.coroutines.intrinsics.UndispatchedKt.startCoroutineUndispatched(Undispatched.kt:20)
	at kotlinx.coroutines.CoroutineStart.invoke(CoroutineStart.kt:360)
	at kotlinx.coroutines.AbstractCoroutine.start(AbstractCoroutine.kt:134)
	at kotlinx.coroutines.BuildersKt__Builders_commonKt.launch(Builders.common.kt:53)
	at kotlinx.coroutines.BuildersKt.launch(Unknown Source)
	at androidx.room.coroutines.RunBlockingUninterruptible_androidKt$runBlockingUninterruptible$1.invokeSuspend(RunBlockingUninterruptible.android.kt:51)
	at kotlin.coroutines.jvm.internal.BaseContinuationImpl.resumeWith(ContinuationImpl.kt:33)
	at kotlinx.coroutines.DispatchedTask.run(DispatchedTask.kt:100)
	at kotlinx.coroutines.EventLoopImplBase.processNextEvent(EventLoop.common.kt:263)
	at kotlinx.coroutines.BlockingCoroutine.joinBlocking(Builders.kt:94)
	at kotlinx.coroutines.BuildersKt__BuildersKt.runBlocking(Builders.kt:70)
	at kotlinx.coroutines.BuildersKt.runBlocking(Unknown Source)
	at kotlinx.coroutines.BuildersKt__BuildersKt.runBlocking$default(Builders.kt:48)
	at kotlinx.coroutines.BuildersKt.runBlocking$default(Unknown Source)
	at androidx.room.coroutines.RunBlockingUninterruptible_androidKt.runBlockingUninterruptible(RunBlockingUninterruptible.android.kt:45)
	at androidx.room.util.DBUtil__DBUtil_androidKt.performBlocking(DBUtil.android.kt:69)
	at androidx.room.util.DBUtil.performBlocking(Unknown Source)
	at com.ainotification.inbox.PolicyStateDao_Impl.read(PolicyStateDao_Impl.java:92)
	at com.ainotification.inbox.PolicyStateStore.read$lambda$0(PolicyStateStore.kt:22)
	at java.base/java.util.concurrent.FutureTask.run(FutureTask.java:317)
	at java.base/java.util.concurrent.ThreadPoolExecutor.runWorker(ThreadPoolExecutor.java:1144)
	at java.base/java.util.concurrent.ThreadPoolExecutor$Worker.run(ThreadPoolExecutor.java:642)
	at java.base/java.lang.Thread.run(Thread.java:1623)

System.logW: A resource was acquired at attached stack trace but never released. See java.io.Closeable for information on avoiding resource leaks.
java.lang.Throwable: Explicit termination method 'SQLiteConnection.close' not called
	at dalvik.system.CloseGuard.$$robo$$dalvik_system_CloseGuard$openWithCallSite(CloseGuard.java:288)
	at dalvik.system.CloseGuard.openWithCallSite(CloseGuard.java)
	at dalvik.system.CloseGuard.$$robo$$dalvik_system_CloseGuard$open(CloseGuard.java:257)
	at java.base/jdk.internal.reflect.DirectMethodHandleAccessor.invoke(DirectMethodHandleAccessor.java:104)
	at java.base/java.lang.reflect.Method.invoke(Method.java:578)
	at org.robolectric.shadows.ShadowCloseGuard$CloseGuardReflector$$Reflector40.open(Unknown Source)
	at org.robolectric.shadows.ShadowCloseGuard.open(ShadowCloseGuard.java:38)
	at dalvik.system.CloseGuard.open(CloseGuard.java)
	at android.database.sqlite.SQLiteConnection.$$robo$$android_database_sqlite_SQLiteConnection$__constructor__(SQLiteConnection.java:182)
	at android.database.sqlite.SQLiteConnection.<init>(SQLiteConnection.java:173)
	at android.database.sqlite.SQLiteConnection.$$robo$$android_database_sqlite_SQLiteConnection$open(SQLiteConnection.java:202)
	at android.database.sqlite.SQLiteConnection.open(SQLiteConnection.java)
	at android.database.sqlite.SQLiteConnectionPool.$$robo$$android_database_sqlite_SQLiteConnectionPool$openConnectionLocked(SQLiteConnectionPool.java:528)
	at android.database.sqlite.SQLiteConnectionPool.openConnectionLocked(SQLiteConnectionPool.java)
	at android.database.sqlite.SQLiteConnectionPool.$$robo$$android_database_sqlite_SQLiteConnectionPool$tryAcquireNonPrimaryConnectionLocked(SQLiteConnectionPool.java:1013)
	at android.database.sqlite.SQLiteConnectionPool.tryAcquireNonPrimaryConnectionLocked(SQLiteConnectionPool.java)
	at android.database.sqlite.SQLiteConnectionPool.$$robo$$android_database_sqlite_SQLiteConnectionPool$waitForConnection(SQLiteConnectionPool.java:719)
	at android.database.sqlite.SQLiteConnectionPool.waitForConnection(SQLiteConnectionPool.java)
	at android.database.sqlite.SQLiteConnectionPool.$$robo$$android_database_sqlite_SQLiteConnectionPool$acquireConnection(SQLiteConnectionPool.java:392)
	at android.database.sqlite.SQLiteConnectionPool.acquireConnection(SQLiteConnectionPool.java)
	at android.database.sqlite.SQLiteSession.$$robo$$android_database_sqlite_SQLiteSession$acquireConnection(SQLiteSession.java:896)
	at android.database.sqlite.SQLiteSession.acquireConnection(SQLiteSession.java)
	at android.database.sqlite.SQLiteSession.$$robo$$android_database_sqlite_SQLiteSession$executeForLong(SQLiteSession.java:652)
	at android.database.sqlite.SQLiteSession.executeForLong(SQLiteSession.java)
	at android.database.sqlite.SQLiteStatement.$$robo$$android_database_sqlite_SQLiteStatement$simpleQueryForLong(SQLiteStatement.java:110)
	at android.database.sqlite.SQLiteStatement.simpleQueryForLong(SQLiteStatement.java)
	at android.database.DatabaseUtils.$$robo$$android_database_DatabaseUtils$longForQuery(DatabaseUtils.java:1031)
	at android.database.DatabaseUtils.longForQuery(DatabaseUtils.java)
	at android.database.DatabaseUtils.$$robo$$android_database_DatabaseUtils$longForQuery(DatabaseUtils.java:1019)
	at android.database.DatabaseUtils.longForQuery(DatabaseUtils.java)
	at android.database.sqlite.SQLiteDatabase.$$robo$$android_database_sqlite_SQLiteDatabase$getVersion(SQLiteDatabase.java:1262)
	at android.database.sqlite.SQLiteDatabase.getVersion(SQLiteDatabase.java)
	at androidx.sqlite.db.framework.FrameworkSQLiteOpenHelper$OpenHelper.onConfigure(FrameworkSQLiteOpenHelper.android.kt:252)
	at android.database.sqlite.SQLiteOpenHelper.$$robo$$android_database_sqlite_SQLiteOpenHelper$getDatabaseLocked(SQLiteOpenHelper.java:387)
	at android.database.sqlite.SQLiteOpenHelper.getDatabaseLocked(SQLiteOpenHelper.java)
	at android.database.sqlite.SQLiteOpenHelper.$$robo$$android_database_sqlite_SQLiteOpenHelper$getWritableDatabase(SQLiteOpenHelper.java:316)
	at android.database.sqlite.SQLiteOpenHelper.getWritableDatabase(SQLiteOpenHelper.java)
	at androidx.sqlite.db.framework.FrameworkSQLiteOpenHelper$OpenHelper.getWritableOrReadableDatabase(FrameworkSQLiteOpenHelper.android.kt:224)
	at androidx.sqlite.db.framework.FrameworkSQLiteOpenHelper$OpenHelper.innerGetDatabase(FrameworkSQLiteOpenHelper.android.kt:167)
	at androidx.sqlite.db.framework.FrameworkSQLiteOpenHelper$OpenHelper.getSupportDatabase(FrameworkSQLiteOpenHelper.android.kt:141)
	at androidx.sqlite.db.framework.FrameworkSQLiteOpenHelper.getWritableDatabase(FrameworkSQLiteOpenHelper.android.kt:96)
	at androidx.room.driver.SupportSQLiteDriver.open(SupportSQLiteDriver.android.kt:26)
	at androidx.room.driver.SupportSQLiteConnectionPool.getSupportConnection(SupportSQLiteConnectionPool.android.kt:35)
	at androidx.room.driver.SupportSQLiteConnectionPool.useConnection(SupportSQLiteConnectionPool.android.kt:42)
	at androidx.room.RoomConnectionManager.useConnection(RoomConnectionManager.android.kt:126)
	at androidx.room.RoomDatabase.useConnection$room_runtime_release(RoomDatabase.android.kt:593)
	at androidx.room.util.DBUtil__DBUtil_androidKt$performBlocking$1.invokeSuspend(DBUtil.android.kt:247)
	at androidx.room.util.DBUtil__DBUtil_androidKt$performBlocking$1.invoke(DBUtil.android.kt)
	at androidx.room.util.DBUtil__DBUtil_androidKt$performBlocking$1.invoke(DBUtil.android.kt)
	at androidx.room.coroutines.RunBlockingUninterruptible_androidKt$runBlockingUninterruptible$1$1.invokeSuspend(RunBlockingUninterruptible.android.kt:52)
	at androidx.room.coroutines.RunBlockingUninterruptible_androidKt$runBlockingUninterruptible$1$1.invoke(RunBlockingUninterruptible.android.kt)
	at androidx.room.coroutines.RunBlockingUninterruptible_androidKt$runBlockingUninterruptible$1$1.invoke(RunBlockingUninterruptible.android.kt)
	at kotlinx.coroutines.intrinsics.UndispatchedKt.startCoroutineUndispatched(Undispatched.kt:20)
	at kotlinx.coroutines.CoroutineStart.invoke(CoroutineStart.kt:360)
	at kotlinx.coroutines.AbstractCoroutine.start(AbstractCoroutine.kt:134)
	at kotlinx.coroutines.BuildersKt__Builders_commonKt.launch(Builders.common.kt:53)
	at kotlinx.coroutines.BuildersKt.launch(Unknown Source)
	at androidx.room.coroutines.RunBlockingUninterruptible_androidKt$runBlockingUninterruptible$1.invokeSuspend(RunBlockingUninterruptible.android.kt:51)
	at kotlin.coroutines.jvm.internal.BaseContinuationImpl.resumeWith(ContinuationImpl.kt:33)
	at kotlinx.coroutines.DispatchedTask.run(DispatchedTask.kt:100)
	at kotlinx.coroutines.EventLoopImplBase.processNextEvent(EventLoop.common.kt:263)
	at kotlinx.coroutines.BlockingCoroutine.joinBlocking(Builders.kt:94)
	at kotlinx.coroutines.BuildersKt__BuildersKt.runBlocking(Builders.kt:70)
	at kotlinx.coroutines.BuildersKt.runBlocking(Unknown Source)
	at kotlinx.coroutines.BuildersKt__BuildersKt.runBlocking$default(Builders.kt:48)
	at kotlinx.coroutines.BuildersKt.runBlocking$default(Unknown Source)
	at androidx.room.coroutines.RunBlockingUninterruptible_androidKt.runBlockingUninterruptible(RunBlockingUninterruptible.android.kt:45)
	at androidx.room.util.DBUtil__DBUtil_androidKt.performBlocking(DBUtil.android.kt:69)
	at androidx.room.util.DBUtil.performBlocking(Unknown Source)
	at com.ainotification.inbox.PolicyStateDao_Impl.read(PolicyStateDao_Impl.java:92)
	at com.ainotification.inbox.PolicyStateStore.read$lambda$0(PolicyStateStore.kt:22)
	at java.base/java.util.concurrent.FutureTask.run(FutureTask.java:317)
	at java.base/java.util.concurrent.ThreadPoolExecutor.runWorker(ThreadPoolExecutor.java:1144)
	at java.base/java.util.concurrent.ThreadPoolExecutor$Worker.run(ThreadPoolExecutor.java:642)
	at java.base/java.lang.Thread.run(Thread.java:1623)

System.logW: A resource was acquired at attached stack trace but never released. See java.io.Closeable for information on avoiding resource leaks.
java.lang.Throwable: Explicit termination method 'close' not called
	at dalvik.system.CloseGuard.$$robo$$dalvik_system_CloseGuard$openWithCallSite(CloseGuard.java:288)
	at dalvik.system.CloseGuard.openWithCallSite(CloseGuard.java)
	at dalvik.system.CloseGuard.$$robo$$dalvik_system_CloseGuard$open(CloseGuard.java:257)
	at java.base/jdk.internal.reflect.DirectMethodHandleAccessor.invoke(DirectMethodHandleAccessor.java:104)
	at java.base/java.lang.reflect.Method.invoke(Method.java:578)
	at org.robolectric.shadows.ShadowCloseGuard$CloseGuardReflector$$Reflector40.open(Unknown Source)
	at org.robolectric.shadows.ShadowCloseGuard.open(ShadowCloseGuard.java:38)
	at dalvik.system.CloseGuard.open(CloseGuard.java)
	at android.database.sqlite.SQLiteDatabase.$$robo$$android_database_sqlite_SQLiteDatabase$openInner(SQLiteDatabase.java:1088)
	at android.database.sqlite.SQLiteDatabase.openInner(SQLiteDatabase.java)
	at android.database.sqlite.SQLiteDatabase.$$robo$$android_database_sqlite_SQLiteDatabase$open(SQLiteDatabase.java:1067)
	at android.database.sqlite.SQLiteDatabase.open(SQLiteDatabase.java)
	at android.database.sqlite.SQLiteDatabase.$$robo$$android_database_sqlite_SQLiteDatabase$openDatabase(SQLiteDatabase.java:931)
	at android.database.sqlite.SQLiteDatabase.openDatabase(SQLiteDatabase.java)
	at android.database.sqlite.SQLiteDatabase.$$robo$$android_database_sqlite_SQLiteDatabase$openDatabase(SQLiteDatabase.java:920)
	at android.database.sqlite.SQLiteDatabase.openDatabase(SQLiteDatabase.java)
	at android.database.sqlite.SQLiteOpenHelper.$$robo$$android_database_sqlite_SQLiteOpenHelper$getDatabaseLocked(SQLiteOpenHelper.java:373)
	at android.database.sqlite.SQLiteOpenHelper.getDatabaseLocked(SQLiteOpenHelper.java)
	at android.database.sqlite.SQLiteOpenHelper.$$robo$$android_database_sqlite_SQLiteOpenHelper$getWritableDatabase(SQLiteOpenHelper.java:316)
	at android.database.sqlite.SQLiteOpenHelper.getWritableDatabase(SQLiteOpenHelper.java)
	at androidx.sqlite.db.framework.FrameworkSQLiteOpenHelper$OpenHelper.getWritableOrReadableDatabase(FrameworkSQLiteOpenHelper.android.kt:224)
	at androidx.sqlite.db.framework.FrameworkSQLiteOpenHelper$OpenHelper.innerGetDatabase(FrameworkSQLiteOpenHelper.android.kt:167)
	at androidx.sqlite.db.framework.FrameworkSQLiteOpenHelper$OpenHelper.getSupportDatabase(FrameworkSQLiteOpenHelper.android.kt:141)
	at androidx.sqlite.db.framework.FrameworkSQLiteOpenHelper.getWritableDatabase(FrameworkSQLiteOpenHelper.android.kt:96)
	at androidx.room.driver.SupportSQLiteDriver.open(SupportSQLiteDriver.android.kt:26)
	at androidx.room.driver.SupportSQLiteConnectionPool.getSupportConnection(SupportSQLiteConnectionPool.android.kt:35)
	at androidx.room.driver.SupportSQLiteConnectionPool.useConnection(SupportSQLiteConnectionPool.android.kt:42)
	at androidx.room.RoomConnectionManager.useConnection(RoomConnectionManager.android.kt:126)
	at androidx.room.RoomDatabase.useConnection$room_runtime_release(RoomDatabase.android.kt:593)
	at androidx.room.util.DBUtil__DBUtil_androidKt$performBlocking$1.invokeSuspend(DBUtil.android.kt:247)
	at androidx.room.util.DBUtil__DBUtil_androidKt$performBlocking$1.invoke(DBUtil.android.kt)
	at androidx.room.util.DBUtil__DBUtil_androidKt$performBlocking$1.invoke(DBUtil.android.kt)
	at androidx.room.coroutines.RunBlockingUninterruptible_androidKt$runBlockingUninterruptible$1$1.invokeSuspend(RunBlockingUninterruptible.android.kt:52)
	at androidx.room.coroutines.RunBlockingUninterruptible_androidKt$runBlockingUninterruptible$1$1.invoke(RunBlockingUninterruptible.android.kt)
	at androidx.room.coroutines.RunBlockingUninterruptible_androidKt$runBlockingUninterruptible$1$1.invoke(RunBlockingUninterruptible.android.kt)
	at kotlinx.coroutines.intrinsics.UndispatchedKt.startCoroutineUndispatched(Undispatched.kt:20)
	at kotlinx.coroutines.CoroutineStart.invoke(CoroutineStart.kt:360)
	at kotlinx.coroutines.AbstractCoroutine.start(AbstractCoroutine.kt:134)
	at kotlinx.coroutines.BuildersKt__Builders_commonKt.launch(Builders.common.kt:53)
	at kotlinx.coroutines.BuildersKt.launch(Unknown Source)
	at androidx.room.coroutines.RunBlockingUninterruptible_androidKt$runBlockingUninterruptible$1.invokeSuspend(RunBlockingUninterruptible.android.kt:51)
	at kotlin.coroutines.jvm.internal.BaseContinuationImpl.resumeWith(ContinuationImpl.kt:33)
	at kotlinx.coroutines.DispatchedTask.run(DispatchedTask.kt:100)
	at kotlinx.coroutines.EventLoopImplBase.processNextEvent(EventLoop.common.kt:263)
	at kotlinx.coroutines.BlockingCoroutine.joinBlocking(Builders.kt:94)
	at kotlinx.coroutines.BuildersKt__BuildersKt.runBlocking(Builders.kt:70)
	at kotlinx.coroutines.BuildersKt.runBlocking(Unknown Source)
	at kotlinx.coroutines.BuildersKt__BuildersKt.runBlocking$default(Builders.kt:48)
	at kotlinx.coroutines.BuildersKt.runBlocking$default(Unknown Source)
	at androidx.room.coroutines.RunBlockingUninterruptible_androidKt.runBlockingUninterruptible(RunBlockingUninterruptible.android.kt:45)
	at androidx.room.util.DBUtil__DBUtil_androidKt.performBlocking(DBUtil.android.kt:69)
	at androidx.room.util.DBUtil.performBlocking(Unknown Source)
	at com.ainotification.inbox.PolicyStateDao_Impl.read(PolicyStateDao_Impl.java:92)
	at com.ainotification.inbox.PolicyStateStore.read$lambda$0(PolicyStateStore.kt:22)
	at java.base/java.util.concurrent.FutureTask.run(FutureTask.java:317)
	at java.base/java.util.concurrent.ThreadPoolExecutor.runWorker(ThreadPoolExecutor.java:1144)
	at java.base/java.util.concurrent.ThreadPoolExecutor$Worker.run(ThreadPoolExecutor.java:642)
	at java.base/java.lang.Thread.run(Thread.java:1623)

System.logW: A resource was acquired at attached stack trace but never released. See java.io.Closeable for information on avoiding resource leaks.
java.lang.Throwable: Explicit termination method 'close' not called
	at dalvik.system.CloseGuard.$$robo$$dalvik_system_CloseGuard$openWithCallSite(CloseGuard.java:288)
	at dalvik.system.CloseGuard.openWithCallSite(CloseGuard.java)
	at dalvik.system.CloseGuard.$$robo$$dalvik_system_CloseGuard$open(CloseGuard.java:257)
	at java.base/jdk.internal.reflect.DirectMethodHandleAccessor.invoke(DirectMethodHandleAccessor.java:104)
	at java.base/java.lang.reflect.Method.invoke(Method.java:578)
	at org.robolectric.shadows.ShadowCloseGuard$CloseGuardReflector$$Reflector40.open(Unknown Source)
	at org.robolectric.shadows.ShadowCloseGuard.open(ShadowCloseGuard.java:38)
	at dalvik.system.CloseGuard.open(CloseGuard.java)
	at android.database.sqlite.SQLiteDatabase.$$robo$$android_database_sqlite_SQLiteDatabase$openInner(SQLiteDatabase.java:1088)
	at android.database.sqlite.SQLiteDatabase.openInner(SQLiteDatabase.java)
	at android.database.sqlite.SQLiteDatabase.$$robo$$android_database_sqlite_SQLiteDatabase$open(SQLiteDatabase.java:1067)
	at android.database.sqlite.SQLiteDatabase.open(SQLiteDatabase.java)
	at android.database.sqlite.SQLiteDatabase.$$robo$$android_database_sqlite_SQLiteDatabase$openDatabase(SQLiteDatabase.java:931)
	at android.database.sqlite.SQLiteDatabase.openDatabase(SQLiteDatabase.java)
	at android.database.sqlite.SQLiteDatabase.$$robo$$android_database_sqlite_SQLiteDatabase$openDatabase(SQLiteDatabase.java:920)
	at android.database.sqlite.SQLiteDatabase.openDatabase(SQLiteDatabase.java)
	at android.database.sqlite.SQLiteOpenHelper.$$robo$$android_database_sqlite_SQLiteOpenHelper$getDatabaseLocked(SQLiteOpenHelper.java:373)
	at android.database.sqlite.SQLiteOpenHelper.getDatabaseLocked(SQLiteOpenHelper.java)
	at android.database.sqlite.SQLiteOpenHelper.$$robo$$android_database_sqlite_SQLiteOpenHelper$getWritableDatabase(SQLiteOpenHelper.java:316)
	at android.database.sqlite.SQLiteOpenHelper.getWritableDatabase(SQLiteOpenHelper.java)
	at androidx.sqlite.db.framework.FrameworkSQLiteOpenHelper$OpenHelper.getWritableOrReadableDatabase(FrameworkSQLiteOpenHelper.android.kt:224)
	at androidx.sqlite.db.framework.FrameworkSQLiteOpenHelper$OpenHelper.innerGetDatabase(FrameworkSQLiteOpenHelper.android.kt:167)
	at androidx.sqlite.db.framework.FrameworkSQLiteOpenHelper$OpenHelper.getSupportDatabase(FrameworkSQLiteOpenHelper.android.kt:141)
	at androidx.sqlite.db.framework.FrameworkSQLiteOpenHelper.getWritableDatabase(FrameworkSQLiteOpenHelper.android.kt:96)
	at androidx.room.driver.SupportSQLiteDriver.open(SupportSQLiteDriver.android.kt:26)
	at androidx.room.driver.SupportSQLiteConnectionPool.getSupportConnection(SupportSQLiteConnectionPool.android.kt:35)
	at androidx.room.driver.SupportSQLiteConnectionPool.useConnection(SupportSQLiteConnectionPool.android.kt:42)
	at androidx.room.RoomConnectionManager.useConnection(RoomConnectionManager.android.kt:126)
	at androidx.room.RoomDatabase.useConnection$room_runtime_release(RoomDatabase.android.kt:593)
	at androidx.room.util.DBUtil__DBUtil_androidKt$performBlocking$1.invokeSuspend(DBUtil.android.kt:247)
	at androidx.room.util.DBUtil__DBUtil_androidKt$performBlocking$1.invoke(DBUtil.android.kt)
	at androidx.room.util.DBUtil__DBUtil_androidKt$performBlocking$1.invoke(DBUtil.android.kt)
	at androidx.room.coroutines.RunBlockingUninterruptible_androidKt$runBlockingUninterruptible$1$1.invokeSuspend(RunBlockingUninterruptible.android.kt:52)
	at androidx.room.coroutines.RunBlockingUninterruptible_androidKt$runBlockingUninterruptible$1$1.invoke(RunBlockingUninterruptible.android.kt)
	at androidx.room.coroutines.RunBlockingUninterruptible_androidKt$runBlockingUninterruptible$1$1.invoke(RunBlockingUninterruptible.android.kt)
	at kotlinx.coroutines.intrinsics.UndispatchedKt.startCoroutineUndispatched(Undispatched.kt:20)
	at kotlinx.coroutines.CoroutineStart.invoke(CoroutineStart.kt:360)
	at kotlinx.coroutines.AbstractCoroutine.start(AbstractCoroutine.kt:134)
	at kotlinx.coroutines.BuildersKt__Builders_commonKt.launch(Builders.common.kt:53)
	at kotlinx.coroutines.BuildersKt.launch(Unknown Source)
	at androidx.room.coroutines.RunBlockingUninterruptible_androidKt$runBlockingUninterruptible$1.invokeSuspend(RunBlockingUninterruptible.android.kt:51)
	at kotlin.coroutines.jvm.internal.BaseContinuationImpl.resumeWith(ContinuationImpl.kt:33)
	at kotlinx.coroutines.DispatchedTask.run(DispatchedTask.kt:100)
	at kotlinx.coroutines.EventLoopImplBase.processNextEvent(EventLoop.common.kt:263)
	at kotlinx.coroutines.BlockingCoroutine.joinBlocking(Builders.kt:94)
	at kotlinx.coroutines.BuildersKt__BuildersKt.runBlocking(Builders.kt:70)
	at kotlinx.coroutines.BuildersKt.runBlocking(Unknown Source)
	at kotlinx.coroutines.BuildersKt__BuildersKt.runBlocking$default(Builders.kt:48)
	at kotlinx.coroutines.BuildersKt.runBlocking$default(Unknown Source)
	at androidx.room.coroutines.RunBlockingUninterruptible_androidKt.runBlockingUninterruptible(RunBlockingUninterruptible.android.kt:45)
	at androidx.room.util.DBUtil__DBUtil_androidKt.performBlocking(DBUtil.android.kt:69)
	at androidx.room.util.DBUtil.performBlocking(Unknown Source)
	at com.ainotification.inbox.PolicyStateDao_Impl.read(PolicyStateDao_Impl.java:92)
	at com.ainotification.inbox.PolicyStateStore.read$lambda$0(PolicyStateStore.kt:22)
	at java.base/java.util.concurrent.FutureTask.run(FutureTask.java:317)
	at java.base/java.util.concurrent.ThreadPoolExecutor.runWorker(ThreadPoolExecutor.java:1144)
	at java.base/java.util.concurrent.ThreadPoolExecutor$Worker.run(ThreadPoolExecutor.java:642)
	at java.base/java.lang.Thread.run(Thread.java:1623)

System.logW: A resource was acquired at attached stack trace but never released. See java.io.Closeable for information on avoiding resource leaks.
java.lang.Throwable: Explicit termination method 'close' not called
	at dalvik.system.CloseGuard.$$robo$$dalvik_system_CloseGuard$openWithCallSite(CloseGuard.java:288)
	at dalvik.system.CloseGuard.openWithCallSite(CloseGuard.java)
	at dalvik.system.CloseGuard.$$robo$$dalvik_system_CloseGuard$open(CloseGuard.java:257)
	at java.base/jdk.internal.reflect.DirectMethodHandleAccessor.invoke(DirectMethodHandleAccessor.java:104)
	at java.base/java.lang.reflect.Method.invoke(Method.java:578)
	at org.robolectric.shadows.ShadowCloseGuard$CloseGuardReflector$$Reflector40.open(Unknown Source)
	at org.robolectric.shadows.ShadowCloseGuard.open(ShadowCloseGuard.java:38)
	at dalvik.system.CloseGuard.open(CloseGuard.java)
	at android.database.sqlite.SQLiteDatabase.$$robo$$android_database_sqlite_SQLiteDatabase$openInner(SQLiteDatabase.java:1088)
	at android.database.sqlite.SQLiteDatabase.openInner(SQLiteDatabase.java)
	at android.database.sqlite.SQLiteDatabase.$$robo$$android_database_sqlite_SQLiteDatabase$open(SQLiteDatabase.java:1067)
	at android.database.sqlite.SQLiteDatabase.open(SQLiteDatabase.java)
	at android.database.sqlite.SQLiteDatabase.$$robo$$android_database_sqlite_SQLiteDatabase$openDatabase(SQLiteDatabase.java:931)
	at android.database.sqlite.SQLiteDatabase.openDatabase(SQLiteDatabase.java)
	at android.database.sqlite.SQLiteDatabase.$$robo$$android_database_sqlite_SQLiteDatabase$openDatabase(SQLiteDatabase.java:920)
	at android.database.sqlite.SQLiteDatabase.openDatabase(SQLiteDatabase.java)
	at android.database.sqlite.SQLiteOpenHelper.$$robo$$android_database_sqlite_SQLiteOpenHelper$getDatabaseLocked(SQLiteOpenHelper.java:373)
	at android.database.sqlite.SQLiteOpenHelper.getDatabaseLocked(SQLiteOpenHelper.java)
	at android.database.sqlite.SQLiteOpenHelper.$$robo$$android_database_sqlite_SQLiteOpenHelper$getWritableDatabase(SQLiteOpenHelper.java:316)
	at android.database.sqlite.SQLiteOpenHelper.getWritableDatabase(SQLiteOpenHelper.java)
	at androidx.sqlite.db.framework.FrameworkSQLiteOpenHelper$OpenHelper.getWritableOrReadableDatabase(FrameworkSQLiteOpenHelper.android.kt:224)
	at androidx.sqlite.db.framework.FrameworkSQLiteOpenHelper$OpenHelper.innerGetDatabase(FrameworkSQLiteOpenHelper.android.kt:167)
	at androidx.sqlite.db.framework.FrameworkSQLiteOpenHelper$OpenHelper.getSupportDatabase(FrameworkSQLiteOpenHelper.android.kt:141)
	at androidx.sqlite.db.framework.FrameworkSQLiteOpenHelper.getWritableDatabase(FrameworkSQLiteOpenHelper.android.kt:96)
	at androidx.room.driver.SupportSQLiteDriver.open(SupportSQLiteDriver.android.kt:26)
	at androidx.room.driver.SupportSQLiteConnectionPool.getSupportConnection(SupportSQLiteConnectionPool.android.kt:35)
	at androidx.room.driver.SupportSQLiteConnectionPool.useConnection(SupportSQLiteConnectionPool.android.kt:42)
	at androidx.room.RoomConnectionManager.useConnection(RoomConnectionManager.android.kt:126)
	at androidx.room.RoomDatabase.useConnection$room_runtime_release(RoomDatabase.android.kt:593)
	at androidx.room.util.DBUtil__DBUtil_androidKt$performBlocking$1.invokeSuspend(DBUtil.android.kt:247)
	at androidx.room.util.DBUtil__DBUtil_androidKt$performBlocking$1.invoke(DBUtil.android.kt)
	at androidx.room.util.DBUtil__DBUtil_androidKt$performBlocking$1.invoke(DBUtil.android.kt)
	at androidx.room.coroutines.RunBlockingUninterruptible_androidKt$runBlockingUninterruptible$1$1.invokeSuspend(RunBlockingUninterruptible.android.kt:52)
	at androidx.room.coroutines.RunBlockingUninterruptible_androidKt$runBlockingUninterruptible$1$1.invoke(RunBlockingUninterruptible.android.kt)
	at androidx.room.coroutines.RunBlockingUninterruptible_androidKt$runBlockingUninterruptible$1$1.invoke(RunBlockingUninterruptible.android.kt)
	at kotlinx.coroutines.intrinsics.UndispatchedKt.startCoroutineUndispatched(Undispatched.kt:20)
	at kotlinx.coroutines.CoroutineStart.invoke(CoroutineStart.kt:360)
	at kotlinx.coroutines.AbstractCoroutine.start(AbstractCoroutine.kt:134)
	at kotlinx.coroutines.BuildersKt__Builders_commonKt.launch(Builders.common.kt:53)
	at kotlinx.coroutines.BuildersKt.launch(Unknown Source)
	at androidx.room.coroutines.RunBlockingUninterruptible_androidKt$runBlockingUninterruptible$1.invokeSuspend(RunBlockingUninterruptible.android.kt:51)
	at kotlin.coroutines.jvm.internal.BaseContinuationImpl.resumeWith(ContinuationImpl.kt:33)
	at kotlinx.coroutines.DispatchedTask.run(DispatchedTask.kt:100)
	at kotlinx.coroutines.EventLoopImplBase.processNextEvent(EventLoop.common.kt:263)
	at kotlinx.coroutines.BlockingCoroutine.joinBlocking(Builders.kt:94)
	at kotlinx.coroutines.BuildersKt__BuildersKt.runBlocking(Builders.kt:70)
	at kotlinx.coroutines.BuildersKt.runBlocking(Unknown Source)
	at kotlinx.coroutines.BuildersKt__BuildersKt.runBlocking$default(Builders.kt:48)
	at kotlinx.coroutines.BuildersKt.runBlocking$default(Unknown Source)
	at androidx.room.coroutines.RunBlockingUninterruptible_androidKt.runBlockingUninterruptible(RunBlockingUninterruptible.android.kt:45)
	at androidx.room.util.DBUtil__DBUtil_androidKt.performBlocking(DBUtil.android.kt:69)
	at androidx.room.util.DBUtil.performBlocking(Unknown Source)
	at com.ainotification.inbox.PolicyStateDao_Impl.read(PolicyStateDao_Impl.java:92)
	at com.ainotification.inbox.PolicyStateStore.read$lambda$0(PolicyStateStore.kt:22)
	at java.base/java.util.concurrent.FutureTask.run(FutureTask.java:317)
	at java.base/java.util.concurrent.ThreadPoolExecutor.runWorker(ThreadPoolExecutor.java:1144)
	at java.base/java.util.concurrent.ThreadPoolExecutor$Worker.run(ThreadPoolExecutor.java:642)
	at java.base/java.lang.Thread.run(Thread.java:1623)

System.logW: A resource was acquired at attached stack trace but never released. See java.io.Closeable for information on avoiding resource leaks.
java.lang.Throwable: Explicit termination method 'close' not called
	at dalvik.system.CloseGuard.$$robo$$dalvik_system_CloseGuard$openWithCallSite(CloseGuard.java:288)
	at dalvik.system.CloseGuard.openWithCallSite(CloseGuard.java)
	at dalvik.system.CloseGuard.$$robo$$dalvik_system_CloseGuard$open(CloseGuard.java:257)
	at java.base/jdk.internal.reflect.DirectMethodHandleAccessor.invoke(DirectMethodHandleAccessor.java:104)
	at java.base/java.lang.reflect.Method.invoke(Method.java:578)
	at org.robolectric.shadows.ShadowCloseGuard$CloseGuardReflector$$Reflector40.open(Unknown Source)
	at org.robolectric.shadows.ShadowCloseGuard.open(ShadowCloseGuard.java:38)
	at dalvik.system.CloseGuard.open(CloseGuard.java)
	at android.database.sqlite.SQLiteDatabase.$$robo$$android_database_sqlite_SQLiteDatabase$openInner(SQLiteDatabase.java:1088)
	at android.database.sqlite.SQLiteDatabase.openInner(SQLiteDatabase.java)
	at android.database.sqlite.SQLiteDatabase.$$robo$$android_database_sqlite_SQLiteDatabase$open(SQLiteDatabase.java:1067)
	at android.database.sqlite.SQLiteDatabase.open(SQLiteDatabase.java)
	at android.database.sqlite.SQLiteDatabase.$$robo$$android_database_sqlite_SQLiteDatabase$openDatabase(SQLiteDatabase.java:931)
	at android.database.sqlite.SQLiteDatabase.openDatabase(SQLiteDatabase.java)
	at android.database.sqlite.SQLiteDatabase.$$robo$$android_database_sqlite_SQLiteDatabase$openDatabase(SQLiteDatabase.java:920)
	at android.database.sqlite.SQLiteDatabase.openDatabase(SQLiteDatabase.java)
	at android.database.sqlite.SQLiteOpenHelper.$$robo$$android_database_sqlite_SQLiteOpenHelper$getDatabaseLocked(SQLiteOpenHelper.java:373)
	at android.database.sqlite.SQLiteOpenHelper.getDatabaseLocked(SQLiteOpenHelper.java)
	at android.database.sqlite.SQLiteOpenHelper.$$robo$$android_database_sqlite_SQLiteOpenHelper$getWritableDatabase(SQLiteOpenHelper.java:316)
	at android.database.sqlite.SQLiteOpenHelper.getWritableDatabase(SQLiteOpenHelper.java)
	at androidx.sqlite.db.framework.FrameworkSQLiteOpenHelper$OpenHelper.getWritableOrReadableDatabase(FrameworkSQLiteOpenHelper.android.kt:224)
	at androidx.sqlite.db.framework.FrameworkSQLiteOpenHelper$OpenHelper.innerGetDatabase(FrameworkSQLiteOpenHelper.android.kt:167)
	at androidx.sqlite.db.framework.FrameworkSQLiteOpenHelper$OpenHelper.getSupportDatabase(FrameworkSQLiteOpenHelper.android.kt:141)
	at androidx.sqlite.db.framework.FrameworkSQLiteOpenHelper.getWritableDatabase(FrameworkSQLiteOpenHelper.android.kt:96)
	at androidx.room.driver.SupportSQLiteDriver.open(SupportSQLiteDriver.android.kt:26)
	at androidx.room.driver.SupportSQLiteConnectionPool.getSupportConnection(SupportSQLiteConnectionPool.android.kt:35)
	at androidx.room.driver.SupportSQLiteConnectionPool.useConnection(SupportSQLiteConnectionPool.android.kt:42)
	at androidx.room.RoomConnectionManager.useConnection(RoomConnectionManager.android.kt:126)
	at androidx.room.RoomDatabase.useConnection$room_runtime_release(RoomDatabase.android.kt:593)
	at androidx.room.util.DBUtil__DBUtil_androidKt$performBlocking$1.invokeSuspend(DBUtil.android.kt:247)
	at androidx.room.util.DBUtil__DBUtil_androidKt$performBlocking$1.invoke(DBUtil.android.kt)
	at androidx.room.util.DBUtil__DBUtil_androidKt$performBlocking$1.invoke(DBUtil.android.kt)
	at androidx.room.coroutines.RunBlockingUninterruptible_androidKt$runBlockingUninterruptible$1$1.invokeSuspend(RunBlockingUninterruptible.android.kt:52)
	at androidx.room.coroutines.RunBlockingUninterruptible_androidKt$runBlockingUninterruptible$1$1.invoke(RunBlockingUninterruptible.android.kt)
	at androidx.room.coroutines.RunBlockingUninterruptible_androidKt$runBlockingUninterruptible$1$1.invoke(RunBlockingUninterruptible.android.kt)
	at kotlinx.coroutines.intrinsics.UndispatchedKt.startCoroutineUndispatched(Undispatched.kt:20)
	at kotlinx.coroutines.CoroutineStart.invoke(CoroutineStart.kt:360)
	at kotlinx.coroutines.AbstractCoroutine.start(AbstractCoroutine.kt:134)
	at kotlinx.coroutines.BuildersKt__Builders_commonKt.launch(Builders.common.kt:53)
	at kotlinx.coroutines.BuildersKt.launch(Unknown Source)
	at androidx.room.coroutines.RunBlockingUninterruptible_androidKt$runBlockingUninterruptible$1.invokeSuspend(RunBlockingUninterruptible.android.kt:51)
	at kotlin.coroutines.jvm.internal.BaseContinuationImpl.resumeWith(ContinuationImpl.kt:33)
	at kotlinx.coroutines.DispatchedTask.run(DispatchedTask.kt:100)
	at kotlinx.coroutines.EventLoopImplBase.processNextEvent(EventLoop.common.kt:263)
	at kotlinx.coroutines.BlockingCoroutine.joinBlocking(Builders.kt:94)
	at kotlinx.coroutines.BuildersKt__BuildersKt.runBlocking(Builders.kt:70)
	at kotlinx.coroutines.BuildersKt.runBlocking(Unknown Source)
	at kotlinx.coroutines.BuildersKt__BuildersKt.runBlocking$default(Builders.kt:48)
	at kotlinx.coroutines.BuildersKt.runBlocking$default(Unknown Source)
	at androidx.room.coroutines.RunBlockingUninterruptible_androidKt.runBlockingUninterruptible(RunBlockingUninterruptible.android.kt:45)
	at androidx.room.util.DBUtil__DBUtil_androidKt.performBlocking(DBUtil.android.kt:69)
	at androidx.room.util.DBUtil.performBlocking(Unknown Source)
	at com.ainotification.inbox.PolicyStateDao_Impl.read(PolicyStateDao_Impl.java:92)
	at com.ainotification.inbox.PolicyStateStore.read$lambda$0(PolicyStateStore.kt:22)
	at java.base/java.util.concurrent.FutureTask.run(FutureTask.java:317)
	at java.base/java.util.concurrent.ThreadPoolExecutor.runWorker(ThreadPoolExecutor.java:1144)
	at java.base/java.util.concurrent.ThreadPoolExecutor$Worker.run(ThreadPoolExecutor.java:642)
	at java.base/java.lang.Thread.run(Thread.java:1623)

System.logW: A resource was acquired at attached stack trace but never released. See java.io.Closeable for information on avoiding resource leaks.
java.lang.Throwable: Explicit termination method 'close' not called
	at dalvik.system.CloseGuard.$$robo$$dalvik_system_CloseGuard$openWithCallSite(CloseGuard.java:288)
	at dalvik.system.CloseGuard.openWithCallSite(CloseGuard.java)
	at dalvik.system.CloseGuard.$$robo$$dalvik_system_CloseGuard$open(CloseGuard.java:257)
	at java.base/jdk.internal.reflect.DirectMethodHandleAccessor.invoke(DirectMethodHandleAccessor.java:104)
	at java.base/java.lang.reflect.Method.invoke(Method.java:578)
	at org.robolectric.shadows.ShadowCloseGuard$CloseGuardReflector$$Reflector40.open(Unknown Source)
	at org.robolectric.shadows.ShadowCloseGuard.open(ShadowCloseGuard.java:38)
	at dalvik.system.CloseGuard.open(CloseGuard.java)
	at android.database.sqlite.SQLiteDatabase.$$robo$$android_database_sqlite_SQLiteDatabase$openInner(SQLiteDatabase.java:1088)
	at android.database.sqlite.SQLiteDatabase.openInner(SQLiteDatabase.java)
	at android.database.sqlite.SQLiteDatabase.$$robo$$android_database_sqlite_SQLiteDatabase$open(SQLiteDatabase.java:1067)
	at android.database.sqlite.SQLiteDatabase.open(SQLiteDatabase.java)
	at android.database.sqlite.SQLiteDatabase.$$robo$$android_database_sqlite_SQLiteDatabase$openDatabase(SQLiteDatabase.java:931)
	at android.database.sqlite.SQLiteDatabase.openDatabase(SQLiteDatabase.java)
	at android.database.sqlite.SQLiteDatabase.$$robo$$android_database_sqlite_SQLiteDatabase$openDatabase(SQLiteDatabase.java:920)
	at android.database.sqlite.SQLiteDatabase.openDatabase(SQLiteDatabase.java)
	at android.database.sqlite.SQLiteOpenHelper.$$robo$$android_database_sqlite_SQLiteOpenHelper$getDatabaseLocked(SQLiteOpenHelper.java:373)
	at android.database.sqlite.SQLiteOpenHelper.getDatabaseLocked(SQLiteOpenHelper.java)
	at android.database.sqlite.SQLiteOpenHelper.$$robo$$android_database_sqlite_SQLiteOpenHelper$getWritableDatabase(SQLiteOpenHelper.java:316)
	at android.database.sqlite.SQLiteOpenHelper.getWritableDatabase(SQLiteOpenHelper.java)
	at androidx.sqlite.db.framework.FrameworkSQLiteOpenHelper$OpenHelper.getWritableOrReadableDatabase(FrameworkSQLiteOpenHelper.android.kt:224)
	at androidx.sqlite.db.framework.FrameworkSQLiteOpenHelper$OpenHelper.innerGetDatabase(FrameworkSQLiteOpenHelper.android.kt:167)
	at androidx.sqlite.db.framework.FrameworkSQLiteOpenHelper$OpenHelper.getSupportDatabase(FrameworkSQLiteOpenHelper.android.kt:141)
	at androidx.sqlite.db.framework.FrameworkSQLiteOpenHelper.getWritableDatabase(FrameworkSQLiteOpenHelper.android.kt:96)
	at androidx.room.driver.SupportSQLiteDriver.open(SupportSQLiteDriver.android.kt:26)
	at androidx.room.driver.SupportSQLiteConnectionPool.getSupportConnection(SupportSQLiteConnectionPool.android.kt:35)
	at androidx.room.driver.SupportSQLiteConnectionPool.useConnection(SupportSQLiteConnectionPool.android.kt:42)
	at androidx.room.RoomConnectionManager.useConnection(RoomConnectionManager.android.kt:126)
	at androidx.room.RoomDatabase.useConnection$room_runtime_release(RoomDatabase.android.kt:593)
	at androidx.room.util.DBUtil__DBUtil_androidKt$performBlocking$1.invokeSuspend(DBUtil.android.kt:247)
	at androidx.room.util.DBUtil__DBUtil_androidKt$performBlocking$1.invoke(DBUtil.android.kt)
	at androidx.room.util.DBUtil__DBUtil_androidKt$performBlocking$1.invoke(DBUtil.android.kt)
	at androidx.room.coroutines.RunBlockingUninterruptible_androidKt$runBlockingUninterruptible$1$1.invokeSuspend(RunBlockingUninterruptible.android.kt:52)
	at androidx.room.coroutines.RunBlockingUninterruptible_androidKt$runBlockingUninterruptible$1$1.invoke(RunBlockingUninterruptible.android.kt)
	at androidx.room.coroutines.RunBlockingUninterruptible_androidKt$runBlockingUninterruptible$1$1.invoke(RunBlockingUninterruptible.android.kt)
	at kotlinx.coroutines.intrinsics.UndispatchedKt.startCoroutineUndispatched(Undispatched.kt:20)
	at kotlinx.coroutines.CoroutineStart.invoke(CoroutineStart.kt:360)
	at kotlinx.coroutines.AbstractCoroutine.start(AbstractCoroutine.kt:134)
	at kotlinx.coroutines.BuildersKt__Builders_commonKt.launch(Builders.common.kt:53)
	at kotlinx.coroutines.BuildersKt.launch(Unknown Source)
	at androidx.room.coroutines.RunBlockingUninterruptible_androidKt$runBlockingUninterruptible$1.invokeSuspend(RunBlockingUninterruptible.android.kt:51)
	at kotlin.coroutines.jvm.internal.BaseContinuationImpl.resumeWith(ContinuationImpl.kt:33)
	at kotlinx.coroutines.DispatchedTask.run(DispatchedTask.kt:100)
	at kotlinx.coroutines.EventLoopImplBase.processNextEvent(EventLoop.common.kt:263)
	at kotlinx.coroutines.BlockingCoroutine.joinBlocking(Builders.kt:94)
	at kotlinx.coroutines.BuildersKt__BuildersKt.runBlocking(Builders.kt:70)
	at kotlinx.coroutines.BuildersKt.runBlocking(Unknown Source)
	at kotlinx.coroutines.BuildersKt__BuildersKt.runBlocking$default(Builders.kt:48)
	at kotlinx.coroutines.BuildersKt.runBlocking$default(Unknown Source)
	at androidx.room.coroutines.RunBlockingUninterruptible_androidKt.runBlockingUninterruptible(RunBlockingUninterruptible.android.kt:45)
	at androidx.room.util.DBUtil__DBUtil_androidKt.performBlocking(DBUtil.android.kt:69)
	at androidx.room.util.DBUtil.performBlocking(Unknown Source)
	at com.ainotification.inbox.PolicyStateDao_Impl.read(PolicyStateDao_Impl.java:92)
	at com.ainotification.inbox.PolicyStateStore.read$lambda$0(PolicyStateStore.kt:22)
	at java.base/java.util.concurrent.FutureTask.run(FutureTask.java:317)
	at java.base/java.util.concurrent.ThreadPoolExecutor.runWorker(ThreadPoolExecutor.java:1144)
	at java.base/java.util.concurrent.ThreadPoolExecutor$Worker.run(ThreadPoolExecutor.java:642)
	at java.base/java.lang.Thread.run(Thread.java:1623)

System.logW: A resource was acquired at attached stack trace but never released. See java.io.Closeable for information on avoiding resource leaks.
java.lang.Throwable: Explicit termination method 'close' not called
	at dalvik.system.CloseGuard.$$robo$$dalvik_system_CloseGuard$openWithCallSite(CloseGuard.java:288)
	at dalvik.system.CloseGuard.openWithCallSite(CloseGuard.java)
	at dalvik.system.CloseGuard.$$robo$$dalvik_system_CloseGuard$open(CloseGuard.java:257)
	at java.base/jdk.internal.reflect.DirectMethodHandleAccessor.invoke(DirectMethodHandleAccessor.java:104)
	at java.base/java.lang.reflect.Method.invoke(Method.java:578)
	at org.robolectric.shadows.ShadowCloseGuard$CloseGuardReflector$$Reflector40.open(Unknown Source)
	at org.robolectric.shadows.ShadowCloseGuard.open(ShadowCloseGuard.java:38)
	at dalvik.system.CloseGuard.open(CloseGuard.java)
	at android.database.sqlite.SQLiteDatabase.$$robo$$android_database_sqlite_SQLiteDatabase$openInner(SQLiteDatabase.java:1088)
	at android.database.sqlite.SQLiteDatabase.openInner(SQLiteDatabase.java)
	at android.database.sqlite.SQLiteDatabase.$$robo$$android_database_sqlite_SQLiteDatabase$open(SQLiteDatabase.java:1067)
	at android.database.sqlite.SQLiteDatabase.open(SQLiteDatabase.java)
	at android.database.sqlite.SQLiteDatabase.$$robo$$android_database_sqlite_SQLiteDatabase$openDatabase(SQLiteDatabase.java:931)
	at android.database.sqlite.SQLiteDatabase.openDatabase(SQLiteDatabase.java)
	at android.database.sqlite.SQLiteDatabase.$$robo$$android_database_sqlite_SQLiteDatabase$openDatabase(SQLiteDatabase.java:920)
	at android.database.sqlite.SQLiteDatabase.openDatabase(SQLiteDatabase.java)
	at android.database.sqlite.SQLiteOpenHelper.$$robo$$android_database_sqlite_SQLiteOpenHelper$getDatabaseLocked(SQLiteOpenHelper.java:373)
	at android.database.sqlite.SQLiteOpenHelper.getDatabaseLocked(SQLiteOpenHelper.java)
	at android.database.sqlite.SQLiteOpenHelper.$$robo$$android_database_sqlite_SQLiteOpenHelper$getWritableDatabase(SQLiteOpenHelper.java:316)
	at android.database.sqlite.SQLiteOpenHelper.getWritableDatabase(SQLiteOpenHelper.java)
	at androidx.sqlite.db.framework.FrameworkSQLiteOpenHelper$OpenHelper.getWritableOrReadableDatabase(FrameworkSQLiteOpenHelper.android.kt:224)
	at androidx.sqlite.db.framework.FrameworkSQLiteOpenHelper$OpenHelper.innerGetDatabase(FrameworkSQLiteOpenHelper.android.kt:167)
	at androidx.sqlite.db.framework.FrameworkSQLiteOpenHelper$OpenHelper.getSupportDatabase(FrameworkSQLiteOpenHelper.android.kt:141)
	at androidx.sqlite.db.framework.FrameworkSQLiteOpenHelper.getWritableDatabase(FrameworkSQLiteOpenHelper.android.kt:96)
	at androidx.room.driver.SupportSQLiteDriver.open(SupportSQLiteDriver.android.kt:26)
	at androidx.room.driver.SupportSQLiteConnectionPool.getSupportConnection(SupportSQLiteConnectionPool.android.kt:35)
	at androidx.room.driver.SupportSQLiteConnectionPool.useConnection(SupportSQLiteConnectionPool.android.kt:42)
	at androidx.room.RoomConnectionManager.useConnection(RoomConnectionManager.android.kt:126)
	at androidx.room.RoomDatabase.useConnection$room_runtime_release(RoomDatabase.android.kt:593)
	at androidx.room.util.DBUtil__DBUtil_androidKt$performBlocking$1.invokeSuspend(DBUtil.android.kt:247)
	at androidx.room.util.DBUtil__DBUtil_androidKt$performBlocking$1.invoke(DBUtil.android.kt)
	at androidx.room.util.DBUtil__DBUtil_androidKt$performBlocking$1.invoke(DBUtil.android.kt)
	at androidx.room.coroutines.RunBlockingUninterruptible_androidKt$runBlockingUninterruptible$1$1.invokeSuspend(RunBlockingUninterruptible.android.kt:52)
	at androidx.room.coroutines.RunBlockingUninterruptible_androidKt$runBlockingUninterruptible$1$1.invoke(RunBlockingUninterruptible.android.kt)
	at androidx.room.coroutines.RunBlockingUninterruptible_androidKt$runBlockingUninterruptible$1$1.invoke(RunBlockingUninterruptible.android.kt)
	at kotlinx.coroutines.intrinsics.UndispatchedKt.startCoroutineUndispatched(Undispatched.kt:20)
	at kotlinx.coroutines.CoroutineStart.invoke(CoroutineStart.kt:360)
	at kotlinx.coroutines.AbstractCoroutine.start(AbstractCoroutine.kt:134)
	at kotlinx.coroutines.BuildersKt__Builders_commonKt.launch(Builders.common.kt:53)
	at kotlinx.coroutines.BuildersKt.launch(Unknown Source)
	at androidx.room.coroutines.RunBlockingUninterruptible_androidKt$runBlockingUninterruptible$1.invokeSuspend(RunBlockingUninterruptible.android.kt:51)
	at kotlin.coroutines.jvm.internal.BaseContinuationImpl.resumeWith(ContinuationImpl.kt:33)
	at kotlinx.coroutines.DispatchedTask.run(DispatchedTask.kt:100)
	at kotlinx.coroutines.EventLoopImplBase.processNextEvent(EventLoop.common.kt:263)
	at kotlinx.coroutines.BlockingCoroutine.joinBlocking(Builders.kt:94)
	at kotlinx.coroutines.BuildersKt__BuildersKt.runBlocking(Builders.kt:70)
	at kotlinx.coroutines.BuildersKt.runBlocking(Unknown Source)
	at kotlinx.coroutines.BuildersKt__BuildersKt.runBlocking$default(Builders.kt:48)
	at kotlinx.coroutines.BuildersKt.runBlocking$default(Unknown Source)
	at androidx.room.coroutines.RunBlockingUninterruptible_androidKt.runBlockingUninterruptible(RunBlockingUninterruptible.android.kt:45)
	at androidx.room.util.DBUtil__DBUtil_androidKt.performBlocking(DBUtil.android.kt:69)
	at androidx.room.util.DBUtil.performBlocking(Unknown Source)
	at com.ainotification.inbox.PolicyStateDao_Impl.read(PolicyStateDao_Impl.java:92)
	at com.ainotification.inbox.PolicyStateStore.read$lambda$0(PolicyStateStore.kt:22)
	at java.base/java.util.concurrent.FutureTask.run(FutureTask.java:317)
	at java.base/java.util.concurrent.ThreadPoolExecutor.runWorker(ThreadPoolExecutor.java:1144)
	at java.base/java.util.concurrent.ThreadPoolExecutor$Worker.run(ThreadPoolExecutor.java:642)
	at java.base/java.lang.Thread.run(Thread.java:1623)

System.logW: A resource was acquired at attached stack trace but never released. See java.io.Closeable for information on avoiding resource leaks.
java.lang.Throwable: Explicit termination method 'close' not called
	at dalvik.system.CloseGuard.$$robo$$dalvik_system_CloseGuard$openWithCallSite(CloseGuard.java:288)
	at dalvik.system.CloseGuard.openWithCallSite(CloseGuard.java)
	at dalvik.system.CloseGuard.$$robo$$dalvik_system_CloseGuard$open(CloseGuard.java:257)
	at java.base/jdk.internal.reflect.DirectMethodHandleAccessor.invoke(DirectMethodHandleAccessor.java:104)
	at java.base/java.lang.reflect.Method.invoke(Method.java:578)
	at org.robolectric.shadows.ShadowCloseGuard$CloseGuardReflector$$Reflector40.open(Unknown Source)
	at org.robolectric.shadows.ShadowCloseGuard.open(ShadowCloseGuard.java:38)
	at dalvik.system.CloseGuard.open(CloseGuard.java)
	at android.database.sqlite.SQLiteDatabase.$$robo$$android_database_sqlite_SQLiteDatabase$openInner(SQLiteDatabase.java:1088)
	at android.database.sqlite.SQLiteDatabase.openInner(SQLiteDatabase.java)
	at android.database.sqlite.SQLiteDatabase.$$robo$$android_database_sqlite_SQLiteDatabase$open(SQLiteDatabase.java:1067)
	at android.database.sqlite.SQLiteDatabase.open(SQLiteDatabase.java)
	at android.database.sqlite.SQLiteDatabase.$$robo$$android_database_sqlite_SQLiteDatabase$openDatabase(SQLiteDatabase.java:931)
	at android.database.sqlite.SQLiteDatabase.openDatabase(SQLiteDatabase.java)
	at android.database.sqlite.SQLiteDatabase.$$robo$$android_database_sqlite_SQLiteDatabase$openDatabase(SQLiteDatabase.java:920)
	at android.database.sqlite.SQLiteDatabase.openDatabase(SQLiteDatabase.java)
	at android.database.sqlite.SQLiteOpenHelper.$$robo$$android_database_sqlite_SQLiteOpenHelper$getDatabaseLocked(SQLiteOpenHelper.java:373)
	at android.database.sqlite.SQLiteOpenHelper.getDatabaseLocked(SQLiteOpenHelper.java)
	at android.database.sqlite.SQLiteOpenHelper.$$robo$$android_database_sqlite_SQLiteOpenHelper$getWritableDatabase(SQLiteOpenHelper.java:316)
	at android.database.sqlite.SQLiteOpenHelper.getWritableDatabase(SQLiteOpenHelper.java)
	at androidx.sqlite.db.framework.FrameworkSQLiteOpenHelper$OpenHelper.getWritableOrReadableDatabase(FrameworkSQLiteOpenHelper.android.kt:224)
	at androidx.sqlite.db.framework.FrameworkSQLiteOpenHelper$OpenHelper.innerGetDatabase(FrameworkSQLiteOpenHelper.android.kt:167)
	at androidx.sqlite.db.framework.FrameworkSQLiteOpenHelper$OpenHelper.getSupportDatabase(FrameworkSQLiteOpenHelper.android.kt:141)
	at androidx.sqlite.db.framework.FrameworkSQLiteOpenHelper.getWritableDatabase(FrameworkSQLiteOpenHelper.android.kt:96)
	at androidx.room.driver.SupportSQLiteDriver.open(SupportSQLiteDriver.android.kt:26)
	at androidx.room.driver.SupportSQLiteConnectionPool.getSupportConnection(SupportSQLiteConnectionPool.android.kt:35)
	at androidx.room.driver.SupportSQLiteConnectionPool.useConnection(SupportSQLiteConnectionPool.android.kt:42)
	at androidx.room.RoomConnectionManager.useConnection(RoomConnectionManager.android.kt:126)
	at androidx.room.RoomDatabase.useConnection$room_runtime_release(RoomDatabase.android.kt:593)
	at androidx.room.util.DBUtil__DBUtil_androidKt$performBlocking$1.invokeSuspend(DBUtil.android.kt:247)
	at androidx.room.util.DBUtil__DBUtil_androidKt$performBlocking$1.invoke(DBUtil.android.kt)
	at androidx.room.util.DBUtil__DBUtil_androidKt$performBlocking$1.invoke(DBUtil.android.kt)
	at androidx.room.coroutines.RunBlockingUninterruptible_androidKt$runBlockingUninterruptible$1$1.invokeSuspend(RunBlockingUninterruptible.android.kt:52)
	at androidx.room.coroutines.RunBlockingUninterruptible_androidKt$runBlockingUninterruptible$1$1.invoke(RunBlockingUninterruptible.android.kt)
	at androidx.room.coroutines.RunBlockingUninterruptible_androidKt$runBlockingUninterruptible$1$1.invoke(RunBlockingUninterruptible.android.kt)
	at kotlinx.coroutines.intrinsics.UndispatchedKt.startCoroutineUndispatched(Undispatched.kt:20)
	at kotlinx.coroutines.CoroutineStart.invoke(CoroutineStart.kt:360)
	at kotlinx.coroutines.AbstractCoroutine.start(AbstractCoroutine.kt:134)
	at kotlinx.coroutines.BuildersKt__Builders_commonKt.launch(Builders.common.kt:53)
	at kotlinx.coroutines.BuildersKt.launch(Unknown Source)
	at androidx.room.coroutines.RunBlockingUninterruptible_androidKt$runBlockingUninterruptible$1.invokeSuspend(RunBlockingUninterruptible.android.kt:51)
	at kotlin.coroutines.jvm.internal.BaseContinuationImpl.resumeWith(ContinuationImpl.kt:33)
	at kotlinx.coroutines.DispatchedTask.run(DispatchedTask.kt:100)
	at kotlinx.coroutines.EventLoopImplBase.processNextEvent(EventLoop.common.kt:263)
	at kotlinx.coroutines.BlockingCoroutine.joinBlocking(Builders.kt:94)
	at kotlinx.coroutines.BuildersKt__BuildersKt.runBlocking(Builders.kt:70)
	at kotlinx.coroutines.BuildersKt.runBlocking(Unknown Source)
	at kotlinx.coroutines.BuildersKt__BuildersKt.runBlocking$default(Builders.kt:48)
	at kotlinx.coroutines.BuildersKt.runBlocking$default(Unknown Source)
	at androidx.room.coroutines.RunBlockingUninterruptible_androidKt.runBlockingUninterruptible(RunBlockingUninterruptible.android.kt:45)
	at androidx.room.util.DBUtil__DBUtil_androidKt.performBlocking(DBUtil.android.kt:69)
	at androidx.room.util.DBUtil.performBlocking(Unknown Source)
	at com.ainotification.inbox.PolicyStateDao_Impl.read(PolicyStateDao_Impl.java:92)
	at com.ainotification.inbox.PolicyStateStore.read$lambda$0(PolicyStateStore.kt:22)
	at java.base/java.util.concurrent.FutureTask.run(FutureTask.java:317)
	at java.base/java.util.concurrent.ThreadPoolExecutor.runWorker(ThreadPoolExecutor.java:1144)
	at java.base/java.util.concurrent.ThreadPoolExecutor$Worker.run(ThreadPoolExecutor.java:642)
	at java.base/java.lang.Thread.run(Thread.java:1623)

System.logW: A resource was acquired at attached stack trace but never released. See java.io.Closeable for information on avoiding resource leaks.
java.lang.Throwable: Explicit termination method 'close' not called
	at dalvik.system.CloseGuard.$$robo$$dalvik_system_CloseGuard$openWithCallSite(CloseGuard.java:288)
	at dalvik.system.CloseGuard.openWithCallSite(CloseGuard.java)
	at dalvik.system.CloseGuard.$$robo$$dalvik_system_CloseGuard$open(CloseGuard.java:257)
	at java.base/jdk.internal.reflect.DirectMethodHandleAccessor.invoke(DirectMethodHandleAccessor.java:104)
	at java.base/java.lang.reflect.Method.invoke(Method.java:578)
	at org.robolectric.shadows.ShadowCloseGuard$CloseGuardReflector$$Reflector40.open(Unknown Source)
	at org.robolectric.shadows.ShadowCloseGuard.open(ShadowCloseGuard.java:38)
	at dalvik.system.CloseGuard.open(CloseGuard.java)
	at android.database.sqlite.SQLiteDatabase.$$robo$$android_database_sqlite_SQLiteDatabase$openInner(SQLiteDatabase.java:1088)
	at android.database.sqlite.SQLiteDatabase.openInner(SQLiteDatabase.java)
	at android.database.sqlite.SQLiteDatabase.$$robo$$android_database_sqlite_SQLiteDatabase$open(SQLiteDatabase.java:1067)
	at android.database.sqlite.SQLiteDatabase.open(SQLiteDatabase.java)
	at android.database.sqlite.SQLiteDatabase.$$robo$$android_database_sqlite_SQLiteDatabase$openDatabase(SQLiteDatabase.java:931)
	at android.database.sqlite.SQLiteDatabase.openDatabase(SQLiteDatabase.java)
	at android.database.sqlite.SQLiteDatabase.$$robo$$android_database_sqlite_SQLiteDatabase$openDatabase(SQLiteDatabase.java:920)
	at android.database.sqlite.SQLiteDatabase.openDatabase(SQLiteDatabase.java)
	at android.database.sqlite.SQLiteOpenHelper.$$robo$$android_database_sqlite_SQLiteOpenHelper$getDatabaseLocked(SQLiteOpenHelper.java:373)
	at android.database.sqlite.SQLiteOpenHelper.getDatabaseLocked(SQLiteOpenHelper.java)
	at android.database.sqlite.SQLiteOpenHelper.$$robo$$android_database_sqlite_SQLiteOpenHelper$getWritableDatabase(SQLiteOpenHelper.java:316)
	at android.database.sqlite.SQLiteOpenHelper.getWritableDatabase(SQLiteOpenHelper.java)
	at androidx.sqlite.db.framework.FrameworkSQLiteOpenHelper$OpenHelper.getWritableOrReadableDatabase(FrameworkSQLiteOpenHelper.android.kt:224)
	at androidx.sqlite.db.framework.FrameworkSQLiteOpenHelper$OpenHelper.innerGetDatabase(FrameworkSQLiteOpenHelper.android.kt:167)
	at androidx.sqlite.db.framework.FrameworkSQLiteOpenHelper$OpenHelper.getSupportDatabase(FrameworkSQLiteOpenHelper.android.kt:141)
	at androidx.sqlite.db.framework.FrameworkSQLiteOpenHelper.getWritableDatabase(FrameworkSQLiteOpenHelper.android.kt:96)
	at androidx.room.driver.SupportSQLiteDriver.open(SupportSQLiteDriver.android.kt:26)
	at androidx.room.driver.SupportSQLiteConnectionPool.getSupportConnection(SupportSQLiteConnectionPool.android.kt:35)
	at androidx.room.driver.SupportSQLiteConnectionPool.useConnection(SupportSQLiteConnectionPool.android.kt:42)
	at androidx.room.RoomConnectionManager.useConnection(RoomConnectionManager.android.kt:126)
	at androidx.room.RoomDatabase.useConnection$room_runtime_release(RoomDatabase.android.kt:593)
	at androidx.room.util.DBUtil__DBUtil_androidKt$performBlocking$1.invokeSuspend(DBUtil.android.kt:247)
	at androidx.room.util.DBUtil__DBUtil_androidKt$performBlocking$1.invoke(DBUtil.android.kt)
	at androidx.room.util.DBUtil__DBUtil_androidKt$performBlocking$1.invoke(DBUtil.android.kt)
	at androidx.room.coroutines.RunBlockingUninterruptible_androidKt$runBlockingUninterruptible$1$1.invokeSuspend(RunBlockingUninterruptible.android.kt:52)
	at androidx.room.coroutines.RunBlockingUninterruptible_androidKt$runBlockingUninterruptible$1$1.invoke(RunBlockingUninterruptible.android.kt)
	at androidx.room.coroutines.RunBlockingUninterruptible_androidKt$runBlockingUninterruptible$1$1.invoke(RunBlockingUninterruptible.android.kt)
	at kotlinx.coroutines.intrinsics.UndispatchedKt.startCoroutineUndispatched(Undispatched.kt:20)
	at kotlinx.coroutines.CoroutineStart.invoke(CoroutineStart.kt:360)
	at kotlinx.coroutines.AbstractCoroutine.start(AbstractCoroutine.kt:134)
	at kotlinx.coroutines.BuildersKt__Builders_commonKt.launch(Builders.common.kt:53)
	at kotlinx.coroutines.BuildersKt.launch(Unknown Source)
	at androidx.room.coroutines.RunBlockingUninterruptible_androidKt$runBlockingUninterruptible$1.invokeSuspend(RunBlockingUninterruptible.android.kt:51)
	at kotlin.coroutines.jvm.internal.BaseContinuationImpl.resumeWith(ContinuationImpl.kt:33)
	at kotlinx.coroutines.DispatchedTask.run(DispatchedTask.kt:100)
	at kotlinx.coroutines.EventLoopImplBase.processNextEvent(EventLoop.common.kt:263)
	at kotlinx.coroutines.BlockingCoroutine.joinBlocking(Builders.kt:94)
	at kotlinx.coroutines.BuildersKt__BuildersKt.runBlocking(Builders.kt:70)
	at kotlinx.coroutines.BuildersKt.runBlocking(Unknown Source)
	at kotlinx.coroutines.BuildersKt__BuildersKt.runBlocking$default(Builders.kt:48)
	at kotlinx.coroutines.BuildersKt.runBlocking$default(Unknown Source)
	at androidx.room.coroutines.RunBlockingUninterruptible_androidKt.runBlockingUninterruptible(RunBlockingUninterruptible.android.kt:45)
	at androidx.room.util.DBUtil__DBUtil_androidKt.performBlocking(DBUtil.android.kt:69)
	at androidx.room.util.DBUtil.performBlocking(Unknown Source)
	at com.ainotification.inbox.PolicyStateDao_Impl.read(PolicyStateDao_Impl.java:92)
	at com.ainotification.inbox.PolicyStateStore.read$lambda$0(PolicyStateStore.kt:22)
	at java.base/java.util.concurrent.FutureTask.run(FutureTask.java:317)
	at java.base/java.util.concurrent.ThreadPoolExecutor.runWorker(ThreadPoolExecutor.java:1144)
	at java.base/java.util.concurrent.ThreadPoolExecutor$Worker.run(ThreadPoolExecutor.java:642)
	at java.base/java.lang.Thread.run(Thread.java:1623)

System.logW: A resource was acquired at attached stack trace but never released. See java.io.Closeable for information on avoiding resource leaks.
java.lang.Throwable: Explicit termination method 'close' not called
	at dalvik.system.CloseGuard.$$robo$$dalvik_system_CloseGuard$openWithCallSite(CloseGuard.java:288)
	at dalvik.system.CloseGuard.openWithCallSite(CloseGuard.java)
	at dalvik.system.CloseGuard.$$robo$$dalvik_system_CloseGuard$open(CloseGuard.java:257)
	at java.base/jdk.internal.reflect.DirectMethodHandleAccessor.invoke(DirectMethodHandleAccessor.java:104)
	at java.base/java.lang.reflect.Method.invoke(Method.java:578)
	at org.robolectric.shadows.ShadowCloseGuard$CloseGuardReflector$$Reflector40.open(Unknown Source)
	at org.robolectric.shadows.ShadowCloseGuard.open(ShadowCloseGuard.java:38)
	at dalvik.system.CloseGuard.open(CloseGuard.java)
	at android.database.sqlite.SQLiteDatabase.$$robo$$android_database_sqlite_SQLiteDatabase$openInner(SQLiteDatabase.java:1088)
	at android.database.sqlite.SQLiteDatabase.openInner(SQLiteDatabase.java)
	at android.database.sqlite.SQLiteDatabase.$$robo$$android_database_sqlite_SQLiteDatabase$open(SQLiteDatabase.java:1067)
	at android.database.sqlite.SQLiteDatabase.open(SQLiteDatabase.java)
	at android.database.sqlite.SQLiteDatabase.$$robo$$android_database_sqlite_SQLiteDatabase$openDatabase(SQLiteDatabase.java:931)
	at android.database.sqlite.SQLiteDatabase.openDatabase(SQLiteDatabase.java)
	at android.database.sqlite.SQLiteDatabase.$$robo$$android_database_sqlite_SQLiteDatabase$openDatabase(SQLiteDatabase.java:920)
	at android.database.sqlite.SQLiteDatabase.openDatabase(SQLiteDatabase.java)
	at android.database.sqlite.SQLiteOpenHelper.$$robo$$android_database_sqlite_SQLiteOpenHelper$getDatabaseLocked(SQLiteOpenHelper.java:373)
	at android.database.sqlite.SQLiteOpenHelper.getDatabaseLocked(SQLiteOpenHelper.java)
	at android.database.sqlite.SQLiteOpenHelper.$$robo$$android_database_sqlite_SQLiteOpenHelper$getWritableDatabase(SQLiteOpenHelper.java:316)
	at android.database.sqlite.SQLiteOpenHelper.getWritableDatabase(SQLiteOpenHelper.java)
	at androidx.sqlite.db.framework.FrameworkSQLiteOpenHelper$OpenHelper.getWritableOrReadableDatabase(FrameworkSQLiteOpenHelper.android.kt:224)
	at androidx.sqlite.db.framework.FrameworkSQLiteOpenHelper$OpenHelper.innerGetDatabase(FrameworkSQLiteOpenHelper.android.kt:167)
	at androidx.sqlite.db.framework.FrameworkSQLiteOpenHelper$OpenHelper.getSupportDatabase(FrameworkSQLiteOpenHelper.android.kt:141)
	at androidx.sqlite.db.framework.FrameworkSQLiteOpenHelper.getWritableDatabase(FrameworkSQLiteOpenHelper.android.kt:96)
	at androidx.room.driver.SupportSQLiteDriver.open(SupportSQLiteDriver.android.kt:26)
	at androidx.room.driver.SupportSQLiteConnectionPool.getSupportConnection(SupportSQLiteConnectionPool.android.kt:35)
	at androidx.room.driver.SupportSQLiteConnectionPool.useConnection(SupportSQLiteConnectionPool.android.kt:42)
	at androidx.room.RoomConnectionManager.useConnection(RoomConnectionManager.android.kt:126)
	at androidx.room.RoomDatabase.useConnection$room_runtime_release(RoomDatabase.android.kt:593)
	at androidx.room.util.DBUtil__DBUtil_androidKt$performBlocking$1.invokeSuspend(DBUtil.android.kt:247)
	at androidx.room.util.DBUtil__DBUtil_androidKt$performBlocking$1.invoke(DBUtil.android.kt)
	at androidx.room.util.DBUtil__DBUtil_androidKt$performBlocking$1.invoke(DBUtil.android.kt)
	at androidx.room.coroutines.RunBlockingUninterruptible_androidKt$runBlockingUninterruptible$1$1.invokeSuspend(RunBlockingUninterruptible.android.kt:52)
	at androidx.room.coroutines.RunBlockingUninterruptible_androidKt$runBlockingUninterruptible$1$1.invoke(RunBlockingUninterruptible.android.kt)
	at androidx.room.coroutines.RunBlockingUninterruptible_androidKt$runBlockingUninterruptible$1$1.invoke(RunBlockingUninterruptible.android.kt)
	at kotlinx.coroutines.intrinsics.UndispatchedKt.startCoroutineUndispatched(Undispatched.kt:20)
	at kotlinx.coroutines.CoroutineStart.invoke(CoroutineStart.kt:360)
	at kotlinx.coroutines.AbstractCoroutine.start(AbstractCoroutine.kt:134)
	at kotlinx.coroutines.BuildersKt__Builders_commonKt.launch(Builders.common.kt:53)
	at kotlinx.coroutines.BuildersKt.launch(Unknown Source)
	at androidx.room.coroutines.RunBlockingUninterruptible_androidKt$runBlockingUninterruptible$1.invokeSuspend(RunBlockingUninterruptible.android.kt:51)
	at kotlin.coroutines.jvm.internal.BaseContinuationImpl.resumeWith(ContinuationImpl.kt:33)
	at kotlinx.coroutines.DispatchedTask.run(DispatchedTask.kt:100)
	at kotlinx.coroutines.EventLoopImplBase.processNextEvent(EventLoop.common.kt:263)
	at kotlinx.coroutines.BlockingCoroutine.joinBlocking(Builders.kt:94)
	at kotlinx.coroutines.BuildersKt__BuildersKt.runBlocking(Builders.kt:70)
	at kotlinx.coroutines.BuildersKt.runBlocking(Unknown Source)
	at kotlinx.coroutines.BuildersKt__BuildersKt.runBlocking$default(Builders.kt:48)
	at kotlinx.coroutines.BuildersKt.runBlocking$default(Unknown Source)
	at androidx.room.coroutines.RunBlockingUninterruptible_androidKt.runBlockingUninterruptible(RunBlockingUninterruptible.android.kt:45)
	at androidx.room.util.DBUtil__DBUtil_androidKt.performBlocking(DBUtil.android.kt:69)
	at androidx.room.util.DBUtil.performBlocking(Unknown Source)
	at com.ainotification.inbox.PolicyStateDao_Impl.read(PolicyStateDao_Impl.java:92)
	at com.ainotification.inbox.PolicyStateStore.read$lambda$0(PolicyStateStore.kt:22)
	at java.base/java.util.concurrent.FutureTask.run(FutureTask.java:317)
	at java.base/java.util.concurrent.ThreadPoolExecutor.runWorker(ThreadPoolExecutor.java:1144)
	at java.base/java.util.concurrent.ThreadPoolExecutor$Worker.run(ThreadPoolExecutor.java:642)
	at java.base/java.lang.Thread.run(Thread.java:1623)

> Task :app:testDebugUnitTest
> Task :app:mergeDebugGlobalSynthetics UP-TO-DATE
> Task :app:mergeDebugJavaResource UP-TO-DATE
> Task :app:mergeProjectDexDebug
> Task :app:packageDebug
> Task :app:createDebugApkListingFileRedirect UP-TO-DATE
> Task :app:assembleDebug
> Task :app:generateDebugAndroidTestLintModel
> Task :app:generateDebugLintReportModel
> Task :app:generateDebugUnitTestLintModel
> Task :app:kaptGenerateStubsDebugAndroidTestKotlin

> Task :app:kaptDebugAndroidTestKotlin
warning: The following options were not recognized by any processor: '[room.schemaLocation, kapt.kotlin.generated]'

> Task :app:compileDebugAndroidTestKotlin
> Task :app:compileDebugAndroidTestJavaWithJavac NO-SOURCE
> Task :app:dexBuilderDebugAndroidTest
> Task :app:mergeDebugAndroidTestGlobalSynthetics UP-TO-DATE
> Task :app:processDebugAndroidTestJavaRes UP-TO-DATE
> Task :app:mergeDebugAndroidTestJavaResource UP-TO-DATE
> Task :app:mergeProjectDexDebugAndroidTest
> Task :app:packageDebugAndroidTest
> Task :app:createDebugAndroidTestApkListingFileRedirect UP-TO-DATE
> Task :app:assembleDebugAndroidTest
> Task :app:lintAnalyzeDebugAndroidTest
> Task :app:lintAnalyzeDebugUnitTest
> Task :app:lintAnalyzeDebug
> Task :app:lintReportDebug UP-TO-DATE
> Task :app:lintDebug

[Incubating] Problems report is available at: file:///private/tmp/inbox-preservation-build/build/reports/problems/problems-report.html

Deprecated Gradle features were used in this build, making it incompatible with Gradle 9.0.

You can use '--warning-mode all' to show the individual deprecation warnings and determine if they come from your own scripts or plugins.

For more on this, please refer to https://docs.gradle.org/8.14/userguide/command_line_interface.html#sec:command_line_warnings in the Gradle documentation.

BUILD SUCCESSFUL in 1m 10s
86 actionable tasks: 23 executed, 63 up-to-date
